rank,count,expert_bytes,cumulative_bytes,tensor_base,expert_idx,tensor
1,37,4816896,4816896,0x0,60,blk.3.ffn_down_exps.weight
2,37,4030464,8847360,0x0,60,blk.3.ffn_gate_exps.weight
3,37,4030464,12877824,0x0,60,blk.3.ffn_up_exps.weight
4,33,4816896,17694720,0x0,133,blk.3.ffn_down_exps.weight
5,33,4030464,21725184,0x0,133,blk.3.ffn_gate_exps.weight
6,33,4030464,25755648,0x0,133,blk.3.ffn_up_exps.weight
7,14,4816896,30572544,0x0,2,blk.3.ffn_down_exps.weight
8,14,4030464,34603008,0x0,2,blk.3.ffn_gate_exps.weight
9,14,4030464,38633472,0x0,2,blk.3.ffn_up_exps.weight
10,14,4816896,43450368,0x0,179,blk.3.ffn_down_exps.weight
11,14,4030464,47480832,0x0,179,blk.3.ffn_gate_exps.weight
12,14,4030464,51511296,0x0,179,blk.3.ffn_up_exps.weight
13,10,4816896,56328192,0x0,200,blk.3.ffn_down_exps.weight
14,10,4030464,60358656,0x0,200,blk.3.ffn_gate_exps.weight
15,10,4030464,64389120,0x0,200,blk.3.ffn_up_exps.weight
16,10,4816896,69206016,0x0,210,blk.3.ffn_down_exps.weight
17,10,4030464,73236480,0x0,210,blk.3.ffn_gate_exps.weight
18,10,4030464,77266944,0x0,210,blk.3.ffn_up_exps.weight
19,9,4816896,82083840,0x0,52,blk.3.ffn_down_exps.weight
20,9,4030464,86114304,0x0,52,blk.3.ffn_gate_exps.weight
21,9,4030464,90144768,0x0,52,blk.3.ffn_up_exps.weight
22,9,4816896,94961664,0x0,73,blk.3.ffn_down_exps.weight
23,9,4030464,98992128,0x0,73,blk.3.ffn_gate_exps.weight
24,9,4030464,103022592,0x0,73,blk.3.ffn_up_exps.weight
25,11,4816896,107839488,0x0,22,blk.4.ffn_down_exps.weight
26,11,4030464,111869952,0x0,22,blk.4.ffn_gate_exps.weight
27,11,4030464,115900416,0x0,22,blk.4.ffn_up_exps.weight
28,10,4816896,120717312,0x0,2,blk.4.ffn_down_exps.weight
29,10,4030464,124747776,0x0,2,blk.4.ffn_gate_exps.weight
30,10,4030464,128778240,0x0,2,blk.4.ffn_up_exps.weight
31,10,4816896,133595136,0x0,52,blk.4.ffn_down_exps.weight
32,10,4030464,137625600,0x0,52,blk.4.ffn_gate_exps.weight
33,10,4030464,141656064,0x0,52,blk.4.ffn_up_exps.weight
34,9,4816896,146472960,0x0,3,blk.4.ffn_down_exps.weight
35,9,4030464,150503424,0x0,3,blk.4.ffn_gate_exps.weight
36,9,4030464,154533888,0x0,3,blk.4.ffn_up_exps.weight
37,9,4816896,159350784,0x0,19,blk.4.ffn_down_exps.weight
38,9,4030464,163381248,0x0,19,blk.4.ffn_gate_exps.weight
39,9,4030464,167411712,0x0,19,blk.4.ffn_up_exps.weight
40,8,4816896,172228608,0x0,73,blk.4.ffn_down_exps.weight
41,8,4030464,176259072,0x0,73,blk.4.ffn_gate_exps.weight
42,8,4030464,180289536,0x0,73,blk.4.ffn_up_exps.weight
43,7,4816896,185106432,0x0,127,blk.4.ffn_down_exps.weight
44,7,4030464,189136896,0x0,127,blk.4.ffn_gate_exps.weight
45,7,4030464,193167360,0x0,127,blk.4.ffn_up_exps.weight
46,7,4816896,197984256,0x0,128,blk.4.ffn_down_exps.weight
47,7,4030464,202014720,0x0,128,blk.4.ffn_gate_exps.weight
48,7,4030464,206045184,0x0,128,blk.4.ffn_up_exps.weight
49,16,4816896,210862080,0x0,189,blk.5.ffn_down_exps.weight
50,16,4030464,214892544,0x0,189,blk.5.ffn_gate_exps.weight
51,16,4030464,218923008,0x0,189,blk.5.ffn_up_exps.weight
52,8,4816896,223739904,0x0,35,blk.5.ffn_down_exps.weight
53,8,4030464,227770368,0x0,35,blk.5.ffn_gate_exps.weight
54,8,4030464,231800832,0x0,35,blk.5.ffn_up_exps.weight
55,8,4816896,236617728,0x0,110,blk.5.ffn_down_exps.weight
56,8,4030464,240648192,0x0,110,blk.5.ffn_gate_exps.weight
57,8,4030464,244678656,0x0,110,blk.5.ffn_up_exps.weight
58,8,4816896,249495552,0x0,151,blk.5.ffn_down_exps.weight
59,8,4030464,253526016,0x0,151,blk.5.ffn_gate_exps.weight
60,8,4030464,257556480,0x0,151,blk.5.ffn_up_exps.weight
61,8,4816896,262373376,0x0,194,blk.5.ffn_down_exps.weight
62,8,4030464,266403840,0x0,194,blk.5.ffn_gate_exps.weight
63,8,4030464,270434304,0x0,194,blk.5.ffn_up_exps.weight
64,8,4816896,275251200,0x0,201,blk.5.ffn_down_exps.weight
65,8,4030464,279281664,0x0,201,blk.5.ffn_gate_exps.weight
66,8,4030464,283312128,0x0,201,blk.5.ffn_up_exps.weight
67,7,4816896,288129024,0x0,9,blk.5.ffn_down_exps.weight
68,7,4030464,292159488,0x0,9,blk.5.ffn_gate_exps.weight
69,7,4030464,296189952,0x0,9,blk.5.ffn_up_exps.weight
70,7,4816896,301006848,0x0,15,blk.5.ffn_down_exps.weight
71,7,4030464,305037312,0x0,15,blk.5.ffn_gate_exps.weight
72,7,4030464,309067776,0x0,15,blk.5.ffn_up_exps.weight
73,12,4816896,313884672,0x0,213,blk.6.ffn_down_exps.weight
74,12,4030464,317915136,0x0,213,blk.6.ffn_gate_exps.weight
75,12,4030464,321945600,0x0,213,blk.6.ffn_up_exps.weight
76,10,4816896,326762496,0x0,243,blk.6.ffn_down_exps.weight
77,10,4030464,330792960,0x0,243,blk.6.ffn_gate_exps.weight
78,10,4030464,334823424,0x0,243,blk.6.ffn_up_exps.weight
79,9,4816896,339640320,0x0,189,blk.6.ffn_down_exps.weight
80,9,4030464,343670784,0x0,189,blk.6.ffn_gate_exps.weight
81,9,4030464,347701248,0x0,189,blk.6.ffn_up_exps.weight
82,9,4816896,352518144,0x0,209,blk.6.ffn_down_exps.weight
83,9,4030464,356548608,0x0,209,blk.6.ffn_gate_exps.weight
84,9,4030464,360579072,0x0,209,blk.6.ffn_up_exps.weight
85,8,4816896,365395968,0x0,38,blk.6.ffn_down_exps.weight
86,8,4030464,369426432,0x0,38,blk.6.ffn_gate_exps.weight
87,8,4030464,373456896,0x0,38,blk.6.ffn_up_exps.weight
88,8,4816896,378273792,0x0,66,blk.6.ffn_down_exps.weight
89,8,4030464,382304256,0x0,66,blk.6.ffn_gate_exps.weight
90,8,4030464,386334720,0x0,66,blk.6.ffn_up_exps.weight
91,8,4816896,391151616,0x0,105,blk.6.ffn_down_exps.weight
92,8,4030464,395182080,0x0,105,blk.6.ffn_gate_exps.weight
93,8,4030464,399212544,0x0,105,blk.6.ffn_up_exps.weight
94,8,4816896,404029440,0x0,132,blk.6.ffn_down_exps.weight
95,8,4030464,408059904,0x0,132,blk.6.ffn_gate_exps.weight
96,8,4030464,412090368,0x0,132,blk.6.ffn_up_exps.weight
97,10,4816896,416907264,0x0,142,blk.7.ffn_down_exps.weight
98,10,4030464,420937728,0x0,142,blk.7.ffn_gate_exps.weight
99,10,4030464,424968192,0x0,142,blk.7.ffn_up_exps.weight
100,9,4816896,429785088,0x0,129,blk.7.ffn_down_exps.weight
101,9,4030464,433815552,0x0,129,blk.7.ffn_gate_exps.weight
102,9,4030464,437846016,0x0,129,blk.7.ffn_up_exps.weight
103,9,4816896,442662912,0x0,197,blk.7.ffn_down_exps.weight
104,9,4030464,446693376,0x0,197,blk.7.ffn_gate_exps.weight
105,9,4030464,450723840,0x0,197,blk.7.ffn_up_exps.weight
106,9,4816896,455540736,0x0,228,blk.7.ffn_down_exps.weight
107,9,4030464,459571200,0x0,228,blk.7.ffn_gate_exps.weight
108,9,4030464,463601664,0x0,228,blk.7.ffn_up_exps.weight
109,8,4816896,468418560,0x0,72,blk.7.ffn_down_exps.weight
110,8,4030464,472449024,0x0,72,blk.7.ffn_gate_exps.weight
111,8,4030464,476479488,0x0,72,blk.7.ffn_up_exps.weight
112,7,4816896,481296384,0x0,57,blk.7.ffn_down_exps.weight
113,7,4030464,485326848,0x0,57,blk.7.ffn_gate_exps.weight
114,7,4030464,489357312,0x0,57,blk.7.ffn_up_exps.weight
115,7,4816896,494174208,0x0,148,blk.7.ffn_down_exps.weight
116,7,4030464,498204672,0x0,148,blk.7.ffn_gate_exps.weight
117,7,4030464,502235136,0x0,148,blk.7.ffn_up_exps.weight
118,7,4816896,507052032,0x0,153,blk.7.ffn_down_exps.weight
119,7,4030464,511082496,0x0,153,blk.7.ffn_gate_exps.weight
120,7,4030464,515112960,0x0,153,blk.7.ffn_up_exps.weight
121,16,4816896,519929856,0x0,14,blk.8.ffn_down_exps.weight
122,16,4030464,523960320,0x0,14,blk.8.ffn_gate_exps.weight
123,16,4030464,527990784,0x0,14,blk.8.ffn_up_exps.weight
124,10,4816896,532807680,0x0,7,blk.8.ffn_down_exps.weight
125,10,4030464,536838144,0x0,7,blk.8.ffn_gate_exps.weight
126,10,4030464,540868608,0x0,7,blk.8.ffn_up_exps.weight
127,10,4816896,545685504,0x0,28,blk.8.ffn_down_exps.weight
128,10,4030464,549715968,0x0,28,blk.8.ffn_gate_exps.weight
129,10,4030464,553746432,0x0,28,blk.8.ffn_up_exps.weight
130,10,4816896,558563328,0x0,253,blk.8.ffn_down_exps.weight
131,10,4030464,562593792,0x0,253,blk.8.ffn_gate_exps.weight
132,10,4030464,566624256,0x0,253,blk.8.ffn_up_exps.weight
133,9,4816896,571441152,0x0,5,blk.8.ffn_down_exps.weight
134,9,4030464,575471616,0x0,5,blk.8.ffn_gate_exps.weight
135,9,4030464,579502080,0x0,5,blk.8.ffn_up_exps.weight
136,9,4816896,584318976,0x0,6,blk.8.ffn_down_exps.weight
137,9,4030464,588349440,0x0,6,blk.8.ffn_gate_exps.weight
138,9,4030464,592379904,0x0,6,blk.8.ffn_up_exps.weight
139,9,4816896,597196800,0x0,114,blk.8.ffn_down_exps.weight
140,9,4030464,601227264,0x0,114,blk.8.ffn_gate_exps.weight
141,9,4030464,605257728,0x0,114,blk.8.ffn_up_exps.weight
142,9,4816896,610074624,0x0,118,blk.8.ffn_down_exps.weight
143,9,4030464,614105088,0x0,118,blk.8.ffn_gate_exps.weight
144,9,4030464,618135552,0x0,118,blk.8.ffn_up_exps.weight
145,19,4816896,622952448,0x0,171,blk.9.ffn_down_exps.weight
146,19,4030464,626982912,0x0,171,blk.9.ffn_gate_exps.weight
147,19,4030464,631013376,0x0,171,blk.9.ffn_up_exps.weight
148,15,4816896,635830272,0x0,0,blk.9.ffn_down_exps.weight
149,15,4030464,639860736,0x0,0,blk.9.ffn_gate_exps.weight
150,15,4030464,643891200,0x0,0,blk.9.ffn_up_exps.weight
151,14,4816896,648708096,0x0,143,blk.9.ffn_down_exps.weight
152,14,4030464,652738560,0x0,143,blk.9.ffn_gate_exps.weight
153,14,4030464,656769024,0x0,143,blk.9.ffn_up_exps.weight
154,12,4816896,661585920,0x0,63,blk.9.ffn_down_exps.weight
155,12,4030464,665616384,0x0,63,blk.9.ffn_gate_exps.weight
156,12,4030464,669646848,0x0,63,blk.9.ffn_up_exps.weight
157,12,4816896,674463744,0x0,195,blk.9.ffn_down_exps.weight
158,12,4030464,678494208,0x0,195,blk.9.ffn_gate_exps.weight
159,12,4030464,682524672,0x0,195,blk.9.ffn_up_exps.weight
160,11,4816896,687341568,0x0,229,blk.9.ffn_down_exps.weight
161,11,4030464,691372032,0x0,229,blk.9.ffn_gate_exps.weight
162,11,4030464,695402496,0x0,229,blk.9.ffn_up_exps.weight
163,9,4816896,700219392,0x0,68,blk.9.ffn_down_exps.weight
164,9,4030464,704249856,0x0,68,blk.9.ffn_gate_exps.weight
165,9,4030464,708280320,0x0,68,blk.9.ffn_up_exps.weight
166,9,4816896,713097216,0x0,152,blk.9.ffn_down_exps.weight
167,9,4030464,717127680,0x0,152,blk.9.ffn_gate_exps.weight
168,9,4030464,721158144,0x0,152,blk.9.ffn_up_exps.weight
169,30,4816896,725975040,0x0,27,blk.10.ffn_down_exps.weight
170,30,4030464,730005504,0x0,27,blk.10.ffn_gate_exps.weight
171,30,4030464,734035968,0x0,27,blk.10.ffn_up_exps.weight
172,24,4816896,738852864,0x0,229,blk.10.ffn_down_exps.weight
173,24,4030464,742883328,0x0,229,blk.10.ffn_gate_exps.weight
174,24,4030464,746913792,0x0,229,blk.10.ffn_up_exps.weight
175,16,4816896,751730688,0x0,72,blk.10.ffn_down_exps.weight
176,16,4030464,755761152,0x0,72,blk.10.ffn_gate_exps.weight
177,16,4030464,759791616,0x0,72,blk.10.ffn_up_exps.weight
178,11,4816896,764608512,0x0,84,blk.10.ffn_down_exps.weight
179,11,4030464,768638976,0x0,84,blk.10.ffn_gate_exps.weight
180,11,4030464,772669440,0x0,84,blk.10.ffn_up_exps.weight
181,10,4816896,777486336,0x0,250,blk.10.ffn_down_exps.weight
182,10,4030464,781516800,0x0,250,blk.10.ffn_gate_exps.weight
183,10,4030464,785547264,0x0,250,blk.10.ffn_up_exps.weight
184,9,4816896,790364160,0x0,120,blk.10.ffn_down_exps.weight
185,9,4030464,794394624,0x0,120,blk.10.ffn_gate_exps.weight
186,9,4030464,798425088,0x0,120,blk.10.ffn_up_exps.weight
187,8,4816896,803241984,0x0,3,blk.10.ffn_down_exps.weight
188,8,4030464,807272448,0x0,3,blk.10.ffn_gate_exps.weight
189,8,4030464,811302912,0x0,3,blk.10.ffn_up_exps.weight
190,8,4816896,816119808,0x0,4,blk.10.ffn_down_exps.weight
191,8,4030464,820150272,0x0,4,blk.10.ffn_gate_exps.weight
192,8,4030464,824180736,0x0,4,blk.10.ffn_up_exps.weight
193,22,4816896,828997632,0x0,151,blk.11.ffn_down_exps.weight
194,22,4030464,833028096,0x0,151,blk.11.ffn_gate_exps.weight
195,22,4030464,837058560,0x0,151,blk.11.ffn_up_exps.weight
196,14,4816896,841875456,0x0,149,blk.11.ffn_down_exps.weight
197,14,4030464,845905920,0x0,149,blk.11.ffn_gate_exps.weight
198,14,4030464,849936384,0x0,149,blk.11.ffn_up_exps.weight
199,14,4816896,854753280,0x0,179,blk.11.ffn_down_exps.weight
200,14,4030464,858783744,0x0,179,blk.11.ffn_gate_exps.weight
201,14,4030464,862814208,0x0,179,blk.11.ffn_up_exps.weight
202,11,4816896,867631104,0x0,49,blk.11.ffn_down_exps.weight
203,11,4030464,871661568,0x0,49,blk.11.ffn_gate_exps.weight
204,11,4030464,875692032,0x0,49,blk.11.ffn_up_exps.weight
205,10,4816896,880508928,0x0,100,blk.11.ffn_down_exps.weight
206,10,4030464,884539392,0x0,100,blk.11.ffn_gate_exps.weight
207,10,4030464,888569856,0x0,100,blk.11.ffn_up_exps.weight
208,9,4816896,893386752,0x0,92,blk.11.ffn_down_exps.weight
209,9,4030464,897417216,0x0,92,blk.11.ffn_gate_exps.weight
210,9,4030464,901447680,0x0,92,blk.11.ffn_up_exps.weight
211,9,4816896,906264576,0x0,244,blk.11.ffn_down_exps.weight
212,9,4030464,910295040,0x0,244,blk.11.ffn_gate_exps.weight
213,9,4030464,914325504,0x0,244,blk.11.ffn_up_exps.weight
214,8,4816896,919142400,0x0,38,blk.11.ffn_down_exps.weight
215,8,4030464,923172864,0x0,38,blk.11.ffn_gate_exps.weight
216,8,4030464,927203328,0x0,38,blk.11.ffn_up_exps.weight
217,33,4816896,932020224,0x0,83,blk.12.ffn_down_exps.weight
218,33,4030464,936050688,0x0,83,blk.12.ffn_gate_exps.weight
219,33,4030464,940081152,0x0,83,blk.12.ffn_up_exps.weight
220,21,4816896,944898048,0x0,211,blk.12.ffn_down_exps.weight
221,21,4030464,948928512,0x0,211,blk.12.ffn_gate_exps.weight
222,21,4030464,952958976,0x0,211,blk.12.ffn_up_exps.weight
223,13,4816896,957775872,0x0,240,blk.12.ffn_down_exps.weight
224,13,4030464,961806336,0x0,240,blk.12.ffn_gate_exps.weight
225,13,4030464,965836800,0x0,240,blk.12.ffn_up_exps.weight
226,12,4816896,970653696,0x0,140,blk.12.ffn_down_exps.weight
227,12,4030464,974684160,0x0,140,blk.12.ffn_gate_exps.weight
228,12,4030464,978714624,0x0,140,blk.12.ffn_up_exps.weight
229,11,4816896,983531520,0x0,79,blk.12.ffn_down_exps.weight
230,11,4030464,987561984,0x0,79,blk.12.ffn_gate_exps.weight
231,11,4030464,991592448,0x0,79,blk.12.ffn_up_exps.weight
232,10,4816896,996409344,0x0,19,blk.12.ffn_down_exps.weight
233,10,4030464,1000439808,0x0,19,blk.12.ffn_gate_exps.weight
234,10,4030464,1004470272,0x0,19,blk.12.ffn_up_exps.weight
235,9,4816896,1009287168,0x0,42,blk.12.ffn_down_exps.weight
236,9,4030464,1013317632,0x0,42,blk.12.ffn_gate_exps.weight
237,9,4030464,1017348096,0x0,42,blk.12.ffn_up_exps.weight
238,9,4816896,1022164992,0x0,180,blk.12.ffn_down_exps.weight
239,9,4030464,1026195456,0x0,180,blk.12.ffn_gate_exps.weight
240,9,4030464,1030225920,0x0,180,blk.12.ffn_up_exps.weight
241,17,4816896,1035042816,0x0,177,blk.13.ffn_down_exps.weight
242,17,4030464,1039073280,0x0,177,blk.13.ffn_gate_exps.weight
243,17,4030464,1043103744,0x0,177,blk.13.ffn_up_exps.weight
244,14,4816896,1047920640,0x0,150,blk.13.ffn_down_exps.weight
245,14,4030464,1051951104,0x0,150,blk.13.ffn_gate_exps.weight
246,14,4030464,1055981568,0x0,150,blk.13.ffn_up_exps.weight
247,13,4816896,1060798464,0x0,64,blk.13.ffn_down_exps.weight
248,13,4030464,1064828928,0x0,64,blk.13.ffn_gate_exps.weight
249,13,4030464,1068859392,0x0,64,blk.13.ffn_up_exps.weight
250,13,4816896,1073676288,0x0,106,blk.13.ffn_down_exps.weight
251,13,4030464,1077706752,0x0,106,blk.13.ffn_gate_exps.weight
252,13,4030464,1081737216,0x0,106,blk.13.ffn_up_exps.weight
253,12,4816896,1086554112,0x0,148,blk.13.ffn_down_exps.weight
254,12,4030464,1090584576,0x0,148,blk.13.ffn_gate_exps.weight
255,12,4030464,1094615040,0x0,148,blk.13.ffn_up_exps.weight
256,11,4816896,1099431936,0x0,121,blk.13.ffn_down_exps.weight
257,11,4030464,1103462400,0x0,121,blk.13.ffn_gate_exps.weight
258,11,4030464,1107492864,0x0,121,blk.13.ffn_up_exps.weight
259,10,4816896,1112309760,0x0,200,blk.13.ffn_down_exps.weight
260,10,4030464,1116340224,0x0,200,blk.13.ffn_gate_exps.weight
261,10,4030464,1120370688,0x0,200,blk.13.ffn_up_exps.weight
262,10,4816896,1125187584,0x0,237,blk.13.ffn_down_exps.weight
263,10,4030464,1129218048,0x0,237,blk.13.ffn_gate_exps.weight
264,10,4030464,1133248512,0x0,237,blk.13.ffn_up_exps.weight
265,40,4816896,1138065408,0x0,204,blk.14.ffn_down_exps.weight
266,40,4030464,1142095872,0x0,204,blk.14.ffn_gate_exps.weight
267,40,4030464,1146126336,0x0,204,blk.14.ffn_up_exps.weight
268,19,4816896,1150943232,0x0,57,blk.14.ffn_down_exps.weight
269,19,4030464,1154973696,0x0,57,blk.14.ffn_gate_exps.weight
270,19,4030464,1159004160,0x0,57,blk.14.ffn_up_exps.weight
271,16,4816896,1163821056,0x0,172,blk.14.ffn_down_exps.weight
272,16,4030464,1167851520,0x0,172,blk.14.ffn_gate_exps.weight
273,16,4030464,1171881984,0x0,172,blk.14.ffn_up_exps.weight
274,13,4816896,1176698880,0x0,59,blk.14.ffn_down_exps.weight
275,13,4030464,1180729344,0x0,59,blk.14.ffn_gate_exps.weight
276,13,4030464,1184759808,0x0,59,blk.14.ffn_up_exps.weight
277,13,4816896,1189576704,0x0,63,blk.14.ffn_down_exps.weight
278,13,4030464,1193607168,0x0,63,blk.14.ffn_gate_exps.weight
279,13,4030464,1197637632,0x0,63,blk.14.ffn_up_exps.weight
280,13,4816896,1202454528,0x0,236,blk.14.ffn_down_exps.weight
281,13,4030464,1206484992,0x0,236,blk.14.ffn_gate_exps.weight
282,13,4030464,1210515456,0x0,236,blk.14.ffn_up_exps.weight
283,12,4816896,1215332352,0x0,38,blk.14.ffn_down_exps.weight
284,12,4030464,1219362816,0x0,38,blk.14.ffn_gate_exps.weight
285,12,4030464,1223393280,0x0,38,blk.14.ffn_up_exps.weight
286,12,4816896,1228210176,0x0,52,blk.14.ffn_down_exps.weight
287,12,4030464,1232240640,0x0,52,blk.14.ffn_gate_exps.weight
288,12,4030464,1236271104,0x0,52,blk.14.ffn_up_exps.weight
289,35,4816896,1241088000,0x0,80,blk.15.ffn_down_exps.weight
290,35,4030464,1245118464,0x0,80,blk.15.ffn_gate_exps.weight
291,35,4030464,1249148928,0x0,80,blk.15.ffn_up_exps.weight
292,27,4816896,1253965824,0x0,154,blk.15.ffn_down_exps.weight
293,27,4030464,1257996288,0x0,154,blk.15.ffn_gate_exps.weight
294,27,4030464,1262026752,0x0,154,blk.15.ffn_up_exps.weight
295,26,4816896,1266843648,0x0,204,blk.15.ffn_down_exps.weight
296,26,4030464,1270874112,0x0,204,blk.15.ffn_gate_exps.weight
297,26,4030464,1274904576,0x0,204,blk.15.ffn_up_exps.weight
298,24,4816896,1279721472,0x0,94,blk.15.ffn_down_exps.weight
299,24,4030464,1283751936,0x0,94,blk.15.ffn_gate_exps.weight
300,24,4030464,1287782400,0x0,94,blk.15.ffn_up_exps.weight
301,20,4816896,1292599296,0x0,96,blk.15.ffn_down_exps.weight
302,20,4030464,1296629760,0x0,96,blk.15.ffn_gate_exps.weight
303,20,4030464,1300660224,0x0,96,blk.15.ffn_up_exps.weight
304,18,4816896,1305477120,0x0,91,blk.15.ffn_down_exps.weight
305,18,4030464,1309507584,0x0,91,blk.15.ffn_gate_exps.weight
306,18,4030464,1313538048,0x0,91,blk.15.ffn_up_exps.weight
307,14,4816896,1318354944,0x0,254,blk.15.ffn_down_exps.weight
308,14,4030464,1322385408,0x0,254,blk.15.ffn_gate_exps.weight
309,14,4030464,1326415872,0x0,254,blk.15.ffn_up_exps.weight
310,13,4816896,1331232768,0x0,45,blk.15.ffn_down_exps.weight
311,13,4030464,1335263232,0x0,45,blk.15.ffn_gate_exps.weight
312,13,4030464,1339293696,0x0,45,blk.15.ffn_up_exps.weight
313,35,4816896,1344110592,0x0,226,blk.16.ffn_down_exps.weight
314,35,4030464,1348141056,0x0,226,blk.16.ffn_gate_exps.weight
315,35,4030464,1352171520,0x0,226,blk.16.ffn_up_exps.weight
316,32,4816896,1356988416,0x0,199,blk.16.ffn_down_exps.weight
317,32,4030464,1361018880,0x0,199,blk.16.ffn_gate_exps.weight
318,32,4030464,1365049344,0x0,199,blk.16.ffn_up_exps.weight
319,31,4816896,1369866240,0x0,54,blk.16.ffn_down_exps.weight
320,31,4030464,1373896704,0x0,54,blk.16.ffn_gate_exps.weight
321,31,4030464,1377927168,0x0,54,blk.16.ffn_up_exps.weight
322,18,4816896,1382744064,0x0,148,blk.16.ffn_down_exps.weight
323,18,4030464,1386774528,0x0,148,blk.16.ffn_gate_exps.weight
324,18,4030464,1390804992,0x0,148,blk.16.ffn_up_exps.weight
325,18,4816896,1395621888,0x0,246,blk.16.ffn_down_exps.weight
326,18,4030464,1399652352,0x0,246,blk.16.ffn_gate_exps.weight
327,18,4030464,1403682816,0x0,246,blk.16.ffn_up_exps.weight
328,17,4816896,1408499712,0x0,77,blk.16.ffn_down_exps.weight
329,17,4030464,1412530176,0x0,77,blk.16.ffn_gate_exps.weight
330,17,4030464,1416560640,0x0,77,blk.16.ffn_up_exps.weight
331,15,4816896,1421377536,0x0,43,blk.16.ffn_down_exps.weight
332,15,4030464,1425408000,0x0,43,blk.16.ffn_gate_exps.weight
333,15,4030464,1429438464,0x0,43,blk.16.ffn_up_exps.weight
334,15,4816896,1434255360,0x0,175,blk.16.ffn_down_exps.weight
335,15,4030464,1438285824,0x0,175,blk.16.ffn_gate_exps.weight
336,15,4030464,1442316288,0x0,175,blk.16.ffn_up_exps.weight
337,38,4816896,1447133184,0x0,71,blk.17.ffn_down_exps.weight
338,38,4030464,1451163648,0x0,71,blk.17.ffn_gate_exps.weight
339,38,4030464,1455194112,0x0,71,blk.17.ffn_up_exps.weight
340,29,4816896,1460011008,0x0,80,blk.17.ffn_down_exps.weight
341,29,4030464,1464041472,0x0,80,blk.17.ffn_gate_exps.weight
342,29,4030464,1468071936,0x0,80,blk.17.ffn_up_exps.weight
343,27,4816896,1472888832,0x0,61,blk.17.ffn_down_exps.weight
344,27,4030464,1476919296,0x0,61,blk.17.ffn_gate_exps.weight
345,27,4030464,1480949760,0x0,61,blk.17.ffn_up_exps.weight
346,24,4816896,1485766656,0x0,171,blk.17.ffn_down_exps.weight
347,24,4030464,1489797120,0x0,171,blk.17.ffn_gate_exps.weight
348,24,4030464,1493827584,0x0,171,blk.17.ffn_up_exps.weight
349,22,4816896,1498644480,0x0,84,blk.17.ffn_down_exps.weight
350,22,4030464,1502674944,0x0,84,blk.17.ffn_gate_exps.weight
351,22,4030464,1506705408,0x0,84,blk.17.ffn_up_exps.weight
352,21,4816896,1511522304,0x0,88,blk.17.ffn_down_exps.weight
353,21,4030464,1515552768,0x0,88,blk.17.ffn_gate_exps.weight
354,21,4030464,1519583232,0x0,88,blk.17.ffn_up_exps.weight
355,20,4816896,1524400128,0x0,173,blk.17.ffn_down_exps.weight
356,20,4030464,1528430592,0x0,173,blk.17.ffn_gate_exps.weight
357,20,4030464,1532461056,0x0,173,blk.17.ffn_up_exps.weight
358,19,4816896,1537277952,0x0,8,blk.17.ffn_down_exps.weight
359,19,4030464,1541308416,0x0,8,blk.17.ffn_gate_exps.weight
360,19,4030464,1545338880,0x0,8,blk.17.ffn_up_exps.weight
361,56,4816896,1550155776,0x0,185,blk.18.ffn_down_exps.weight
362,56,4030464,1554186240,0x0,185,blk.18.ffn_gate_exps.weight
363,56,4030464,1558216704,0x0,185,blk.18.ffn_up_exps.weight
364,43,4816896,1563033600,0x0,53,blk.18.ffn_down_exps.weight
365,43,4030464,1567064064,0x0,53,blk.18.ffn_gate_exps.weight
366,43,4030464,1571094528,0x0,53,blk.18.ffn_up_exps.weight
367,40,4816896,1575911424,0x0,190,blk.18.ffn_down_exps.weight
368,40,4030464,1579941888,0x0,190,blk.18.ffn_gate_exps.weight
369,40,4030464,1583972352,0x0,190,blk.18.ffn_up_exps.weight
370,25,4816896,1588789248,0x0,212,blk.18.ffn_down_exps.weight
371,25,4030464,1592819712,0x0,212,blk.18.ffn_gate_exps.weight
372,25,4030464,1596850176,0x0,212,blk.18.ffn_up_exps.weight
373,24,4816896,1601667072,0x0,7,blk.18.ffn_down_exps.weight
374,24,4030464,1605697536,0x0,7,blk.18.ffn_gate_exps.weight
375,24,4030464,1609728000,0x0,7,blk.18.ffn_up_exps.weight
376,21,4816896,1614544896,0x0,55,blk.18.ffn_down_exps.weight
377,21,4030464,1618575360,0x0,55,blk.18.ffn_gate_exps.weight
378,21,4030464,1622605824,0x0,55,blk.18.ffn_up_exps.weight
379,20,4816896,1627422720,0x0,223,blk.18.ffn_down_exps.weight
380,20,4030464,1631453184,0x0,223,blk.18.ffn_gate_exps.weight
381,20,4030464,1635483648,0x0,223,blk.18.ffn_up_exps.weight
382,18,4816896,1640300544,0x0,76,blk.18.ffn_down_exps.weight
383,18,4030464,1644331008,0x0,76,blk.18.ffn_gate_exps.weight
384,18,4030464,1648361472,0x0,76,blk.18.ffn_up_exps.weight
385,47,4816896,1653178368,0x0,53,blk.19.ffn_down_exps.weight
386,47,4030464,1657208832,0x0,53,blk.19.ffn_gate_exps.weight
387,47,4030464,1661239296,0x0,53,blk.19.ffn_up_exps.weight
388,37,4816896,1666056192,0x0,42,blk.19.ffn_down_exps.weight
389,37,4030464,1670086656,0x0,42,blk.19.ffn_gate_exps.weight
390,37,4030464,1674117120,0x0,42,blk.19.ffn_up_exps.weight
391,29,4816896,1678934016,0x0,239,blk.19.ffn_down_exps.weight
392,29,4030464,1682964480,0x0,239,blk.19.ffn_gate_exps.weight
393,29,4030464,1686994944,0x0,239,blk.19.ffn_up_exps.weight
394,19,4816896,1691811840,0x0,77,blk.19.ffn_down_exps.weight
395,19,4030464,1695842304,0x0,77,blk.19.ffn_gate_exps.weight
396,19,4030464,1699872768,0x0,77,blk.19.ffn_up_exps.weight
397,19,4816896,1704689664,0x0,168,blk.19.ffn_down_exps.weight
398,19,4030464,1708720128,0x0,168,blk.19.ffn_gate_exps.weight
399,19,4030464,1712750592,0x0,168,blk.19.ffn_up_exps.weight
400,16,4816896,1717567488,0x0,72,blk.19.ffn_down_exps.weight
401,16,4030464,1721597952,0x0,72,blk.19.ffn_gate_exps.weight
402,16,4030464,1725628416,0x0,72,blk.19.ffn_up_exps.weight
403,13,4816896,1730445312,0x0,100,blk.19.ffn_down_exps.weight
404,13,4030464,1734475776,0x0,100,blk.19.ffn_gate_exps.weight
405,13,4030464,1738506240,0x0,100,blk.19.ffn_up_exps.weight
406,13,4816896,1743323136,0x0,152,blk.19.ffn_down_exps.weight
407,13,4030464,1747353600,0x0,152,blk.19.ffn_gate_exps.weight
408,13,4030464,1751384064,0x0,152,blk.19.ffn_up_exps.weight
409,36,4816896,1756200960,0x0,78,blk.20.ffn_down_exps.weight
410,36,4030464,1760231424,0x0,78,blk.20.ffn_gate_exps.weight
411,36,4030464,1764261888,0x0,78,blk.20.ffn_up_exps.weight
412,36,4816896,1769078784,0x0,207,blk.20.ffn_down_exps.weight
413,36,4030464,1773109248,0x0,207,blk.20.ffn_gate_exps.weight
414,36,4030464,1777139712,0x0,207,blk.20.ffn_up_exps.weight
415,28,4816896,1781956608,0x0,231,blk.20.ffn_down_exps.weight
416,28,4030464,1785987072,0x0,231,blk.20.ffn_gate_exps.weight
417,28,4030464,1790017536,0x0,231,blk.20.ffn_up_exps.weight
418,27,4816896,1794834432,0x0,202,blk.20.ffn_down_exps.weight
419,27,4030464,1798864896,0x0,202,blk.20.ffn_gate_exps.weight
420,27,4030464,1802895360,0x0,202,blk.20.ffn_up_exps.weight
421,26,4816896,1807712256,0x0,29,blk.20.ffn_down_exps.weight
422,26,4030464,1811742720,0x0,29,blk.20.ffn_gate_exps.weight
423,26,4030464,1815773184,0x0,29,blk.20.ffn_up_exps.weight
424,26,4816896,1820590080,0x0,235,blk.20.ffn_down_exps.weight
425,26,4030464,1824620544,0x0,235,blk.20.ffn_gate_exps.weight
426,26,4030464,1828651008,0x0,235,blk.20.ffn_up_exps.weight
427,21,4816896,1833467904,0x0,195,blk.20.ffn_down_exps.weight
428,21,4030464,1837498368,0x0,195,blk.20.ffn_gate_exps.weight
429,21,4030464,1841528832,0x0,195,blk.20.ffn_up_exps.weight
430,20,4816896,1846345728,0x0,42,blk.20.ffn_down_exps.weight
431,20,4030464,1850376192,0x0,42,blk.20.ffn_gate_exps.weight
432,20,4030464,1854406656,0x0,42,blk.20.ffn_up_exps.weight
433,56,4816896,1859223552,0x0,216,blk.21.ffn_down_exps.weight
434,56,4030464,1863254016,0x0,216,blk.21.ffn_gate_exps.weight
435,56,4030464,1867284480,0x0,216,blk.21.ffn_up_exps.weight
436,47,4816896,1872101376,0x0,198,blk.21.ffn_down_exps.weight
437,47,4030464,1876131840,0x0,198,blk.21.ffn_gate_exps.weight
438,47,4030464,1880162304,0x0,198,blk.21.ffn_up_exps.weight
439,31,4816896,1884979200,0x0,224,blk.21.ffn_down_exps.weight
440,31,4030464,1889009664,0x0,224,blk.21.ffn_gate_exps.weight
441,31,4030464,1893040128,0x0,224,blk.21.ffn_up_exps.weight
442,25,4816896,1897857024,0x0,95,blk.21.ffn_down_exps.weight
443,25,4030464,1901887488,0x0,95,blk.21.ffn_gate_exps.weight
444,25,4030464,1905917952,0x0,95,blk.21.ffn_up_exps.weight
445,24,4816896,1910734848,0x0,90,blk.21.ffn_down_exps.weight
446,24,4030464,1914765312,0x0,90,blk.21.ffn_gate_exps.weight
447,24,4030464,1918795776,0x0,90,blk.21.ffn_up_exps.weight
448,14,4816896,1923612672,0x0,3,blk.21.ffn_down_exps.weight
449,14,4030464,1927643136,0x0,3,blk.21.ffn_gate_exps.weight
450,14,4030464,1931673600,0x0,3,blk.21.ffn_up_exps.weight
451,14,4816896,1936490496,0x0,53,blk.21.ffn_down_exps.weight
452,14,4030464,1940520960,0x0,53,blk.21.ffn_gate_exps.weight
453,14,4030464,1944551424,0x0,53,blk.21.ffn_up_exps.weight
454,12,4816896,1949368320,0x0,5,blk.21.ffn_down_exps.weight
455,12,4030464,1953398784,0x0,5,blk.21.ffn_gate_exps.weight
456,12,4030464,1957429248,0x0,5,blk.21.ffn_up_exps.weight
457,55,4816896,1962246144,0x0,221,blk.22.ffn_down_exps.weight
458,55,4030464,1966276608,0x0,221,blk.22.ffn_gate_exps.weight
459,55,4030464,1970307072,0x0,221,blk.22.ffn_up_exps.weight
460,42,4816896,1975123968,0x0,234,blk.22.ffn_down_exps.weight
461,42,4030464,1979154432,0x0,234,blk.22.ffn_gate_exps.weight
462,42,4030464,1983184896,0x0,234,blk.22.ffn_up_exps.weight
463,24,4816896,1988001792,0x0,186,blk.22.ffn_down_exps.weight
464,24,4030464,1992032256,0x0,186,blk.22.ffn_gate_exps.weight
465,24,4030464,1996062720,0x0,186,blk.22.ffn_up_exps.weight
466,18,4816896,2000879616,0x0,200,blk.22.ffn_down_exps.weight
467,18,4030464,2004910080,0x0,200,blk.22.ffn_gate_exps.weight
468,18,4030464,2008940544,0x0,200,blk.22.ffn_up_exps.weight
469,17,4816896,2013757440,0x0,133,blk.22.ffn_down_exps.weight
470,17,4030464,2017787904,0x0,133,blk.22.ffn_gate_exps.weight
471,17,4030464,2021818368,0x0,133,blk.22.ffn_up_exps.weight
472,17,4816896,2026635264,0x0,209,blk.22.ffn_down_exps.weight
473,17,4030464,2030665728,0x0,209,blk.22.ffn_gate_exps.weight
474,17,4030464,2034696192,0x0,209,blk.22.ffn_up_exps.weight
475,16,4816896,2039513088,0x0,18,blk.22.ffn_down_exps.weight
476,16,4030464,2043543552,0x0,18,blk.22.ffn_gate_exps.weight
477,16,4030464,2047574016,0x0,18,blk.22.ffn_up_exps.weight
478,14,4816896,2052390912,0x0,102,blk.22.ffn_down_exps.weight
479,14,4030464,2056421376,0x0,102,blk.22.ffn_gate_exps.weight
480,14,4030464,2060451840,0x0,102,blk.22.ffn_up_exps.weight
481,36,4816896,2065268736,0x0,216,blk.23.ffn_down_exps.weight
482,36,4030464,2069299200,0x0,216,blk.23.ffn_gate_exps.weight
483,36,4030464,2073329664,0x0,216,blk.23.ffn_up_exps.weight
484,22,4816896,2078146560,0x0,18,blk.23.ffn_down_exps.weight
485,22,4030464,2082177024,0x0,18,blk.23.ffn_gate_exps.weight
486,22,4030464,2086207488,0x0,18,blk.23.ffn_up_exps.weight
487,21,4816896,2091024384,0x0,27,blk.23.ffn_down_exps.weight
488,21,4030464,2095054848,0x0,27,blk.23.ffn_gate_exps.weight
489,21,4030464,2099085312,0x0,27,blk.23.ffn_up_exps.weight
490,18,4816896,2103902208,0x0,145,blk.23.ffn_down_exps.weight
491,18,4030464,2107932672,0x0,145,blk.23.ffn_gate_exps.weight
492,18,4030464,2111963136,0x0,145,blk.23.ffn_up_exps.weight
493,15,4816896,2116780032,0x0,85,blk.23.ffn_down_exps.weight
494,15,4030464,2120810496,0x0,85,blk.23.ffn_gate_exps.weight
495,15,4030464,2124840960,0x0,85,blk.23.ffn_up_exps.weight
496,10,4816896,2129657856,0x0,22,blk.23.ffn_down_exps.weight
497,10,4030464,2133688320,0x0,22,blk.23.ffn_gate_exps.weight
498,10,4030464,2137718784,0x0,22,blk.23.ffn_up_exps.weight
499,10,4816896,2142535680,0x0,253,blk.23.ffn_down_exps.weight
500,10,4030464,2146566144,0x0,253,blk.23.ffn_gate_exps.weight
501,10,4030464,2150596608,0x0,253,blk.23.ffn_up_exps.weight
502,9,4816896,2155413504,0x0,17,blk.23.ffn_down_exps.weight
503,9,4030464,2159443968,0x0,17,blk.23.ffn_gate_exps.weight
504,9,4030464,2163474432,0x0,17,blk.23.ffn_up_exps.weight
505,24,4816896,2168291328,0x0,198,blk.24.ffn_down_exps.weight
506,24,4030464,2172321792,0x0,198,blk.24.ffn_gate_exps.weight
507,24,4030464,2176352256,0x0,198,blk.24.ffn_up_exps.weight
508,19,4816896,2181169152,0x0,194,blk.24.ffn_down_exps.weight
509,19,4030464,2185199616,0x0,194,blk.24.ffn_gate_exps.weight
510,19,4030464,2189230080,0x0,194,blk.24.ffn_up_exps.weight
511,15,4816896,2194046976,0x0,111,blk.24.ffn_down_exps.weight
512,15,4030464,2198077440,0x0,111,blk.24.ffn_gate_exps.weight
513,15,4030464,2202107904,0x0,111,blk.24.ffn_up_exps.weight
514,13,4816896,2206924800,0x0,107,blk.24.ffn_down_exps.weight
515,13,4030464,2210955264,0x0,107,blk.24.ffn_gate_exps.weight
516,13,4030464,2214985728,0x0,107,blk.24.ffn_up_exps.weight
517,13,4816896,2219802624,0x0,109,blk.24.ffn_down_exps.weight
518,13,4030464,2223833088,0x0,109,blk.24.ffn_gate_exps.weight
519,13,4030464,2227863552,0x0,109,blk.24.ffn_up_exps.weight
520,10,4816896,2232680448,0x0,157,blk.24.ffn_down_exps.weight
521,10,4030464,2236710912,0x0,157,blk.24.ffn_gate_exps.weight
522,10,4030464,2240741376,0x0,157,blk.24.ffn_up_exps.weight
523,8,4816896,2245558272,0x0,52,blk.24.ffn_down_exps.weight
524,8,4030464,2249588736,0x0,52,blk.24.ffn_gate_exps.weight
525,8,4030464,2253619200,0x0,52,blk.24.ffn_up_exps.weight
526,8,4816896,2258436096,0x0,61,blk.24.ffn_down_exps.weight
527,8,4030464,2262466560,0x0,61,blk.24.ffn_gate_exps.weight
528,8,4030464,2266497024,0x0,61,blk.24.ffn_up_exps.weight
529,25,4816896,2271313920,0x0,103,blk.25.ffn_down_exps.weight
530,25,4030464,2275344384,0x0,103,blk.25.ffn_gate_exps.weight
531,25,4030464,2279374848,0x0,103,blk.25.ffn_up_exps.weight
532,20,4816896,2284191744,0x0,175,blk.25.ffn_down_exps.weight
533,20,4030464,2288222208,0x0,175,blk.25.ffn_gate_exps.weight
534,20,4030464,2292252672,0x0,175,blk.25.ffn_up_exps.weight
535,16,4816896,2297069568,0x0,34,blk.25.ffn_down_exps.weight
536,16,4030464,2301100032,0x0,34,blk.25.ffn_gate_exps.weight
537,16,4030464,2305130496,0x0,34,blk.25.ffn_up_exps.weight
538,15,4816896,2309947392,0x0,186,blk.25.ffn_down_exps.weight
539,15,4030464,2313977856,0x0,186,blk.25.ffn_gate_exps.weight
540,15,4030464,2318008320,0x0,186,blk.25.ffn_up_exps.weight
541,13,4816896,2322825216,0x0,116,blk.25.ffn_down_exps.weight
542,13,4030464,2326855680,0x0,116,blk.25.ffn_gate_exps.weight
543,13,4030464,2330886144,0x0,116,blk.25.ffn_up_exps.weight
544,13,4816896,2335703040,0x0,125,blk.25.ffn_down_exps.weight
545,13,4030464,2339733504,0x0,125,blk.25.ffn_gate_exps.weight
546,13,4030464,2343763968,0x0,125,blk.25.ffn_up_exps.weight
547,12,4816896,2348580864,0x0,213,blk.25.ffn_down_exps.weight
548,12,4030464,2352611328,0x0,213,blk.25.ffn_gate_exps.weight
549,12,4030464,2356641792,0x0,213,blk.25.ffn_up_exps.weight
550,12,4816896,2361458688,0x0,248,blk.25.ffn_down_exps.weight
551,12,4030464,2365489152,0x0,248,blk.25.ffn_gate_exps.weight
552,12,4030464,2369519616,0x0,248,blk.25.ffn_up_exps.weight
553,49,4816896,2374336512,0x0,162,blk.26.ffn_down_exps.weight
554,49,4030464,2378366976,0x0,162,blk.26.ffn_gate_exps.weight
555,49,4030464,2382397440,0x0,162,blk.26.ffn_up_exps.weight
556,23,4816896,2387214336,0x0,16,blk.26.ffn_down_exps.weight
557,23,4030464,2391244800,0x0,16,blk.26.ffn_gate_exps.weight
558,23,4030464,2395275264,0x0,16,blk.26.ffn_up_exps.weight
559,19,4816896,2400092160,0x0,5,blk.26.ffn_down_exps.weight
560,19,4030464,2404122624,0x0,5,blk.26.ffn_gate_exps.weight
561,19,4030464,2408153088,0x0,5,blk.26.ffn_up_exps.weight
562,18,4816896,2412969984,0x0,46,blk.26.ffn_down_exps.weight
563,18,4030464,2417000448,0x0,46,blk.26.ffn_gate_exps.weight
564,18,4030464,2421030912,0x0,46,blk.26.ffn_up_exps.weight
565,17,4816896,2425847808,0x0,88,blk.26.ffn_down_exps.weight
566,17,4030464,2429878272,0x0,88,blk.26.ffn_gate_exps.weight
567,17,4030464,2433908736,0x0,88,blk.26.ffn_up_exps.weight
568,16,4816896,2438725632,0x0,6,blk.26.ffn_down_exps.weight
569,16,4030464,2442756096,0x0,6,blk.26.ffn_gate_exps.weight
570,16,4030464,2446786560,0x0,6,blk.26.ffn_up_exps.weight
571,16,4816896,2451603456,0x0,44,blk.26.ffn_down_exps.weight
572,16,4030464,2455633920,0x0,44,blk.26.ffn_gate_exps.weight
573,16,4030464,2459664384,0x0,44,blk.26.ffn_up_exps.weight
574,16,4816896,2464481280,0x0,99,blk.26.ffn_down_exps.weight
575,16,4030464,2468511744,0x0,99,blk.26.ffn_gate_exps.weight
576,16,4030464,2472542208,0x0,99,blk.26.ffn_up_exps.weight
577,22,4816896,2477359104,0x0,223,blk.27.ffn_down_exps.weight
578,22,4030464,2481389568,0x0,223,blk.27.ffn_gate_exps.weight
579,22,4030464,2485420032,0x0,223,blk.27.ffn_up_exps.weight
580,21,4816896,2490236928,0x0,16,blk.27.ffn_down_exps.weight
581,21,4030464,2494267392,0x0,16,blk.27.ffn_gate_exps.weight
582,21,4030464,2498297856,0x0,16,blk.27.ffn_up_exps.weight
583,19,4816896,2503114752,0x0,181,blk.27.ffn_down_exps.weight
584,19,4030464,2507145216,0x0,181,blk.27.ffn_gate_exps.weight
585,19,4030464,2511175680,0x0,181,blk.27.ffn_up_exps.weight
586,17,4816896,2515992576,0x0,243,blk.27.ffn_down_exps.weight
587,17,4030464,2520023040,0x0,243,blk.27.ffn_gate_exps.weight
588,17,4030464,2524053504,0x0,243,blk.27.ffn_up_exps.weight
589,15,4816896,2528870400,0x0,212,blk.27.ffn_down_exps.weight
590,15,4030464,2532900864,0x0,212,blk.27.ffn_gate_exps.weight
591,15,4030464,2536931328,0x0,212,blk.27.ffn_up_exps.weight
592,12,4816896,2541748224,0x0,93,blk.27.ffn_down_exps.weight
593,12,4030464,2545778688,0x0,93,blk.27.ffn_gate_exps.weight
594,12,4030464,2549809152,0x0,93,blk.27.ffn_up_exps.weight
595,12,4816896,2554626048,0x0,110,blk.27.ffn_down_exps.weight
596,12,4030464,2558656512,0x0,110,blk.27.ffn_gate_exps.weight
597,12,4030464,2562686976,0x0,110,blk.27.ffn_up_exps.weight
598,12,4816896,2567503872,0x0,156,blk.27.ffn_down_exps.weight
599,12,4030464,2571534336,0x0,156,blk.27.ffn_gate_exps.weight
600,12,4030464,2575564800,0x0,156,blk.27.ffn_up_exps.weight
601,31,4816896,2580381696,0x0,94,blk.28.ffn_down_exps.weight
602,31,4030464,2584412160,0x0,94,blk.28.ffn_gate_exps.weight
603,31,4030464,2588442624,0x0,94,blk.28.ffn_up_exps.weight
604,25,4816896,2593259520,0x0,60,blk.28.ffn_down_exps.weight
605,25,4030464,2597289984,0x0,60,blk.28.ffn_gate_exps.weight
606,25,4030464,2601320448,0x0,60,blk.28.ffn_up_exps.weight
607,13,4816896,2606137344,0x0,86,blk.28.ffn_down_exps.weight
608,13,4030464,2610167808,0x0,86,blk.28.ffn_gate_exps.weight
609,13,4030464,2614198272,0x0,86,blk.28.ffn_up_exps.weight
610,12,4816896,2619015168,0x0,48,blk.28.ffn_down_exps.weight
611,12,4030464,2623045632,0x0,48,blk.28.ffn_gate_exps.weight
612,12,4030464,2627076096,0x0,48,blk.28.ffn_up_exps.weight
613,12,4816896,2631892992,0x0,99,blk.28.ffn_down_exps.weight
614,12,4030464,2635923456,0x0,99,blk.28.ffn_gate_exps.weight
615,12,4030464,2639953920,0x0,99,blk.28.ffn_up_exps.weight
616,10,4816896,2644770816,0x0,112,blk.28.ffn_down_exps.weight
617,10,4030464,2648801280,0x0,112,blk.28.ffn_gate_exps.weight
618,10,4030464,2652831744,0x0,112,blk.28.ffn_up_exps.weight
619,10,4816896,2657648640,0x0,127,blk.28.ffn_down_exps.weight
620,10,4030464,2661679104,0x0,127,blk.28.ffn_gate_exps.weight
621,10,4030464,2665709568,0x0,127,blk.28.ffn_up_exps.weight
622,10,4816896,2670526464,0x0,134,blk.28.ffn_down_exps.weight
623,10,4030464,2674556928,0x0,134,blk.28.ffn_gate_exps.weight
624,10,4030464,2678587392,0x0,134,blk.28.ffn_up_exps.weight
625,38,4816896,2683404288,0x0,68,blk.29.ffn_down_exps.weight
626,38,4030464,2687434752,0x0,68,blk.29.ffn_gate_exps.weight
627,38,4030464,2691465216,0x0,68,blk.29.ffn_up_exps.weight
628,27,4816896,2696282112,0x0,36,blk.29.ffn_down_exps.weight
629,27,4030464,2700312576,0x0,36,blk.29.ffn_gate_exps.weight
630,27,4030464,2704343040,0x0,36,blk.29.ffn_up_exps.weight
631,24,4816896,2709159936,0x0,85,blk.29.ffn_down_exps.weight
632,24,4030464,2713190400,0x0,85,blk.29.ffn_gate_exps.weight
633,24,4030464,2717220864,0x0,85,blk.29.ffn_up_exps.weight
634,20,4816896,2722037760,0x0,32,blk.29.ffn_down_exps.weight
635,20,4030464,2726068224,0x0,32,blk.29.ffn_gate_exps.weight
636,20,4030464,2730098688,0x0,32,blk.29.ffn_up_exps.weight
637,16,4816896,2734915584,0x0,252,blk.29.ffn_down_exps.weight
638,16,4030464,2738946048,0x0,252,blk.29.ffn_gate_exps.weight
639,16,4030464,2742976512,0x0,252,blk.29.ffn_up_exps.weight
640,13,4816896,2747793408,0x0,118,blk.29.ffn_down_exps.weight
641,13,4030464,2751823872,0x0,118,blk.29.ffn_gate_exps.weight
642,13,4030464,2755854336,0x0,118,blk.29.ffn_up_exps.weight
643,12,4816896,2760671232,0x0,66,blk.29.ffn_down_exps.weight
644,12,4030464,2764701696,0x0,66,blk.29.ffn_gate_exps.weight
645,12,4030464,2768732160,0x0,66,blk.29.ffn_up_exps.weight
646,12,4816896,2773549056,0x0,140,blk.29.ffn_down_exps.weight
647,12,4030464,2777579520,0x0,140,blk.29.ffn_gate_exps.weight
648,12,4030464,2781609984,0x0,140,blk.29.ffn_up_exps.weight
649,28,4816896,2786426880,0x0,59,blk.30.ffn_down_exps.weight
650,28,4030464,2790457344,0x0,59,blk.30.ffn_gate_exps.weight
651,28,4030464,2794487808,0x0,59,blk.30.ffn_up_exps.weight
652,26,4816896,2799304704,0x0,73,blk.30.ffn_down_exps.weight
653,26,4030464,2803335168,0x0,73,blk.30.ffn_gate_exps.weight
654,26,4030464,2807365632,0x0,73,blk.30.ffn_up_exps.weight
655,25,4816896,2812182528,0x0,180,blk.30.ffn_down_exps.weight
656,25,4030464,2816212992,0x0,180,blk.30.ffn_gate_exps.weight
657,25,4030464,2820243456,0x0,180,blk.30.ffn_up_exps.weight
658,24,4816896,2825060352,0x0,32,blk.30.ffn_down_exps.weight
659,24,4030464,2829090816,0x0,32,blk.30.ffn_gate_exps.weight
660,24,4030464,2833121280,0x0,32,blk.30.ffn_up_exps.weight
661,21,4816896,2837938176,0x0,84,blk.30.ffn_down_exps.weight
662,21,4030464,2841968640,0x0,84,blk.30.ffn_gate_exps.weight
663,21,4030464,2845999104,0x0,84,blk.30.ffn_up_exps.weight
664,17,4816896,2850816000,0x0,80,blk.30.ffn_down_exps.weight
665,17,4030464,2854846464,0x0,80,blk.30.ffn_gate_exps.weight
666,17,4030464,2858876928,0x0,80,blk.30.ffn_up_exps.weight
667,15,4816896,2863693824,0x0,22,blk.30.ffn_down_exps.weight
668,15,4030464,2867724288,0x0,22,blk.30.ffn_gate_exps.weight
669,15,4030464,2871754752,0x0,22,blk.30.ffn_up_exps.weight
670,15,4816896,2876571648,0x0,104,blk.30.ffn_down_exps.weight
671,15,4030464,2880602112,0x0,104,blk.30.ffn_gate_exps.weight
672,15,4030464,2884632576,0x0,104,blk.30.ffn_up_exps.weight
673,49,4816896,2889449472,0x0,174,blk.31.ffn_down_exps.weight
674,49,4030464,2893479936,0x0,174,blk.31.ffn_gate_exps.weight
675,49,4030464,2897510400,0x0,174,blk.31.ffn_up_exps.weight
676,48,4816896,2902327296,0x0,166,blk.31.ffn_down_exps.weight
677,48,4030464,2906357760,0x0,166,blk.31.ffn_gate_exps.weight
678,48,4030464,2910388224,0x0,166,blk.31.ffn_up_exps.weight
679,32,4816896,2915205120,0x0,253,blk.31.ffn_down_exps.weight
680,32,4030464,2919235584,0x0,253,blk.31.ffn_gate_exps.weight
681,32,4030464,2923266048,0x0,253,blk.31.ffn_up_exps.weight
682,27,4816896,2928082944,0x0,73,blk.31.ffn_down_exps.weight
683,27,4030464,2932113408,0x0,73,blk.31.ffn_gate_exps.weight
684,27,4030464,2936143872,0x0,73,blk.31.ffn_up_exps.weight
685,24,4816896,2940960768,0x0,24,blk.31.ffn_down_exps.weight
686,24,4030464,2944991232,0x0,24,blk.31.ffn_gate_exps.weight
687,24,4030464,2949021696,0x0,24,blk.31.ffn_up_exps.weight
688,18,4816896,2953838592,0x0,116,blk.31.ffn_down_exps.weight
689,18,4030464,2957869056,0x0,116,blk.31.ffn_gate_exps.weight
690,18,4030464,2961899520,0x0,116,blk.31.ffn_up_exps.weight
691,17,4816896,2966716416,0x0,232,blk.31.ffn_down_exps.weight
692,17,4030464,2970746880,0x0,232,blk.31.ffn_gate_exps.weight
693,17,4030464,2974777344,0x0,232,blk.31.ffn_up_exps.weight
694,15,4816896,2979594240,0x0,189,blk.31.ffn_down_exps.weight
695,15,4030464,2983624704,0x0,189,blk.31.ffn_gate_exps.weight
696,15,4030464,2987655168,0x0,189,blk.31.ffn_up_exps.weight
697,33,4816896,2992472064,0x0,233,blk.32.ffn_down_exps.weight
698,33,4030464,2996502528,0x0,233,blk.32.ffn_gate_exps.weight
699,33,4030464,3000532992,0x0,233,blk.32.ffn_up_exps.weight
700,32,4816896,3005349888,0x0,7,blk.32.ffn_down_exps.weight
701,32,4030464,3009380352,0x0,7,blk.32.ffn_gate_exps.weight
702,32,4030464,3013410816,0x0,7,blk.32.ffn_up_exps.weight
703,29,4816896,3018227712,0x0,228,blk.32.ffn_down_exps.weight
704,29,4030464,3022258176,0x0,228,blk.32.ffn_gate_exps.weight
705,29,4030464,3026288640,0x0,228,blk.32.ffn_up_exps.weight
706,28,4816896,3031105536,0x0,73,blk.32.ffn_down_exps.weight
707,28,4030464,3035136000,0x0,73,blk.32.ffn_gate_exps.weight
708,28,4030464,3039166464,0x0,73,blk.32.ffn_up_exps.weight
709,22,4816896,3043983360,0x0,23,blk.32.ffn_down_exps.weight
710,22,4030464,3048013824,0x0,23,blk.32.ffn_gate_exps.weight
711,22,4030464,3052044288,0x0,23,blk.32.ffn_up_exps.weight
712,20,4816896,3056861184,0x0,8,blk.32.ffn_down_exps.weight
713,20,4030464,3060891648,0x0,8,blk.32.ffn_gate_exps.weight
714,20,4030464,3064922112,0x0,8,blk.32.ffn_up_exps.weight
715,17,4816896,3069739008,0x0,138,blk.32.ffn_down_exps.weight
716,17,4030464,3073769472,0x0,138,blk.32.ffn_gate_exps.weight
717,17,4030464,3077799936,0x0,138,blk.32.ffn_up_exps.weight
718,17,4816896,3082616832,0x0,171,blk.32.ffn_down_exps.weight
719,17,4030464,3086647296,0x0,171,blk.32.ffn_gate_exps.weight
720,17,4030464,3090677760,0x0,171,blk.32.ffn_up_exps.weight
721,63,4816896,3095494656,0x0,20,blk.33.ffn_down_exps.weight
722,63,4030464,3099525120,0x0,20,blk.33.ffn_gate_exps.weight
723,63,4030464,3103555584,0x0,20,blk.33.ffn_up_exps.weight
724,41,4816896,3108372480,0x0,221,blk.33.ffn_down_exps.weight
725,41,4030464,3112402944,0x0,221,blk.33.ffn_gate_exps.weight
726,41,4030464,3116433408,0x0,221,blk.33.ffn_up_exps.weight
727,34,4816896,3121250304,0x0,90,blk.33.ffn_down_exps.weight
728,34,4030464,3125280768,0x0,90,blk.33.ffn_gate_exps.weight
729,34,4030464,3129311232,0x0,90,blk.33.ffn_up_exps.weight
730,23,4816896,3134128128,0x0,244,blk.33.ffn_down_exps.weight
731,23,4030464,3138158592,0x0,244,blk.33.ffn_gate_exps.weight
732,23,4030464,3142189056,0x0,244,blk.33.ffn_up_exps.weight
733,22,4816896,3147005952,0x0,21,blk.33.ffn_down_exps.weight
734,22,4030464,3151036416,0x0,21,blk.33.ffn_gate_exps.weight
735,22,4030464,3155066880,0x0,21,blk.33.ffn_up_exps.weight
736,19,4816896,3159883776,0x0,54,blk.33.ffn_down_exps.weight
737,19,4030464,3163914240,0x0,54,blk.33.ffn_gate_exps.weight
738,19,4030464,3167944704,0x0,54,blk.33.ffn_up_exps.weight
739,19,4816896,3172761600,0x0,229,blk.33.ffn_down_exps.weight
740,19,4030464,3176792064,0x0,229,blk.33.ffn_gate_exps.weight
741,19,4030464,3180822528,0x0,229,blk.33.ffn_up_exps.weight
742,17,4816896,3185639424,0x0,32,blk.33.ffn_down_exps.weight
743,17,4030464,3189669888,0x0,32,blk.33.ffn_gate_exps.weight
744,17,4030464,3193700352,0x0,32,blk.33.ffn_up_exps.weight
745,46,4816896,3198517248,0x0,174,blk.34.ffn_down_exps.weight
746,46,4030464,3202547712,0x0,174,blk.34.ffn_gate_exps.weight
747,46,4030464,3206578176,0x0,174,blk.34.ffn_up_exps.weight
748,40,4816896,3211395072,0x0,94,blk.34.ffn_down_exps.weight
749,40,4030464,3215425536,0x0,94,blk.34.ffn_gate_exps.weight
750,40,4030464,3219456000,0x0,94,blk.34.ffn_up_exps.weight
751,25,4816896,3224272896,0x0,46,blk.34.ffn_down_exps.weight
752,25,4030464,3228303360,0x0,46,blk.34.ffn_gate_exps.weight
753,25,4030464,3232333824,0x0,46,blk.34.ffn_up_exps.weight
754,21,4816896,3237150720,0x0,41,blk.34.ffn_down_exps.weight
755,21,4030464,3241181184,0x0,41,blk.34.ffn_gate_exps.weight
756,21,4030464,3245211648,0x0,41,blk.34.ffn_up_exps.weight
757,20,4816896,3250028544,0x0,172,blk.34.ffn_down_exps.weight
758,20,4030464,3254059008,0x0,172,blk.34.ffn_gate_exps.weight
759,20,4030464,3258089472,0x0,172,blk.34.ffn_up_exps.weight
760,18,4816896,3262906368,0x0,171,blk.34.ffn_down_exps.weight
761,18,4030464,3266936832,0x0,171,blk.34.ffn_gate_exps.weight
762,18,4030464,3270967296,0x0,171,blk.34.ffn_up_exps.weight
763,17,4816896,3275784192,0x0,55,blk.34.ffn_down_exps.weight
764,17,4030464,3279814656,0x0,55,blk.34.ffn_gate_exps.weight
765,17,4030464,3283845120,0x0,55,blk.34.ffn_up_exps.weight
766,16,4816896,3288662016,0x0,82,blk.34.ffn_down_exps.weight
767,16,4030464,3292692480,0x0,82,blk.34.ffn_gate_exps.weight
768,16,4030464,3296722944,0x0,82,blk.34.ffn_up_exps.weight
769,61,4816896,3301539840,0x0,34,blk.35.ffn_down_exps.weight
770,61,4030464,3305570304,0x0,34,blk.35.ffn_gate_exps.weight
771,61,4030464,3309600768,0x0,34,blk.35.ffn_up_exps.weight
772,52,4816896,3314417664,0x0,173,blk.35.ffn_down_exps.weight
773,52,4030464,3318448128,0x0,173,blk.35.ffn_gate_exps.weight
774,52,4030464,3322478592,0x0,173,blk.35.ffn_up_exps.weight
775,37,4816896,3327295488,0x0,33,blk.35.ffn_down_exps.weight
776,37,4030464,3331325952,0x0,33,blk.35.ffn_gate_exps.weight
777,37,4030464,3335356416,0x0,33,blk.35.ffn_up_exps.weight
778,23,4816896,3340173312,0x0,96,blk.35.ffn_down_exps.weight
779,23,4030464,3344203776,0x0,96,blk.35.ffn_gate_exps.weight
780,23,4030464,3348234240,0x0,96,blk.35.ffn_up_exps.weight
781,17,4816896,3353051136,0x0,250,blk.35.ffn_down_exps.weight
782,17,4030464,3357081600,0x0,250,blk.35.ffn_gate_exps.weight
783,17,4030464,3361112064,0x0,250,blk.35.ffn_up_exps.weight
784,14,4816896,3365928960,0x0,19,blk.35.ffn_down_exps.weight
785,14,4030464,3369959424,0x0,19,blk.35.ffn_gate_exps.weight
786,14,4030464,3373989888,0x0,19,blk.35.ffn_up_exps.weight
787,12,4816896,3378806784,0x0,188,blk.35.ffn_down_exps.weight
788,12,4030464,3382837248,0x0,188,blk.35.ffn_gate_exps.weight
789,12,4030464,3386867712,0x0,188,blk.35.ffn_up_exps.weight
790,10,4816896,3391684608,0x0,52,blk.35.ffn_down_exps.weight
791,10,4030464,3395715072,0x0,52,blk.35.ffn_gate_exps.weight
792,10,4030464,3399745536,0x0,52,blk.35.ffn_up_exps.weight
793,59,4816896,3404562432,0x0,155,blk.36.ffn_down_exps.weight
794,59,4030464,3408592896,0x0,155,blk.36.ffn_gate_exps.weight
795,59,4030464,3412623360,0x0,155,blk.36.ffn_up_exps.weight
796,37,4816896,3417440256,0x0,104,blk.36.ffn_down_exps.weight
797,37,4030464,3421470720,0x0,104,blk.36.ffn_gate_exps.weight
798,37,4030464,3425501184,0x0,104,blk.36.ffn_up_exps.weight
799,36,4816896,3430318080,0x0,187,blk.36.ffn_down_exps.weight
800,36,4030464,3434348544,0x0,187,blk.36.ffn_gate_exps.weight
801,36,4030464,3438379008,0x0,187,blk.36.ffn_up_exps.weight
802,34,4816896,3443195904,0x0,22,blk.36.ffn_down_exps.weight
803,34,4030464,3447226368,0x0,22,blk.36.ffn_gate_exps.weight
804,34,4030464,3451256832,0x0,22,blk.36.ffn_up_exps.weight
805,29,4816896,3456073728,0x0,177,blk.36.ffn_down_exps.weight
806,29,4030464,3460104192,0x0,177,blk.36.ffn_gate_exps.weight
807,29,4030464,3464134656,0x0,177,blk.36.ffn_up_exps.weight
808,24,4816896,3468951552,0x0,167,blk.36.ffn_down_exps.weight
809,24,4030464,3472982016,0x0,167,blk.36.ffn_gate_exps.weight
810,24,4030464,3477012480,0x0,167,blk.36.ffn_up_exps.weight
811,22,4816896,3481829376,0x0,92,blk.36.ffn_down_exps.weight
812,22,4030464,3485859840,0x0,92,blk.36.ffn_gate_exps.weight
813,22,4030464,3489890304,0x0,92,blk.36.ffn_up_exps.weight
814,22,4816896,3494707200,0x0,106,blk.36.ffn_down_exps.weight
815,22,4030464,3498737664,0x0,106,blk.36.ffn_gate_exps.weight
816,22,4030464,3502768128,0x0,106,blk.36.ffn_up_exps.weight
817,54,4816896,3507585024,0x0,52,blk.37.ffn_down_exps.weight
818,54,4030464,3511615488,0x0,52,blk.37.ffn_gate_exps.weight
819,54,4030464,3515645952,0x0,52,blk.37.ffn_up_exps.weight
820,34,4816896,3520462848,0x0,66,blk.37.ffn_down_exps.weight
821,34,4030464,3524493312,0x0,66,blk.37.ffn_gate_exps.weight
822,34,4030464,3528523776,0x0,66,blk.37.ffn_up_exps.weight
823,23,4816896,3533340672,0x0,144,blk.37.ffn_down_exps.weight
824,23,4030464,3537371136,0x0,144,blk.37.ffn_gate_exps.weight
825,23,4030464,3541401600,0x0,144,blk.37.ffn_up_exps.weight
826,20,4816896,3546218496,0x0,231,blk.37.ffn_down_exps.weight
827,20,4030464,3550248960,0x0,231,blk.37.ffn_gate_exps.weight
828,20,4030464,3554279424,0x0,231,blk.37.ffn_up_exps.weight
829,18,4816896,3559096320,0x0,204,blk.37.ffn_down_exps.weight
830,18,4030464,3563126784,0x0,204,blk.37.ffn_gate_exps.weight
831,18,4030464,3567157248,0x0,204,blk.37.ffn_up_exps.weight
832,17,4816896,3571974144,0x0,237,blk.37.ffn_down_exps.weight
833,17,4030464,3576004608,0x0,237,blk.37.ffn_gate_exps.weight
834,17,4030464,3580035072,0x0,237,blk.37.ffn_up_exps.weight
835,15,4816896,3584851968,0x0,75,blk.37.ffn_down_exps.weight
836,15,4030464,3588882432,0x0,75,blk.37.ffn_gate_exps.weight
837,15,4030464,3592912896,0x0,75,blk.37.ffn_up_exps.weight
838,13,4816896,3597729792,0x0,83,blk.37.ffn_down_exps.weight
839,13,4030464,3601760256,0x0,83,blk.37.ffn_gate_exps.weight
840,13,4030464,3605790720,0x0,83,blk.37.ffn_up_exps.weight
841,52,4816896,3610607616,0x0,165,blk.38.ffn_down_exps.weight
842,52,4030464,3614638080,0x0,165,blk.38.ffn_gate_exps.weight
843,52,4030464,3618668544,0x0,165,blk.38.ffn_up_exps.weight
844,49,4816896,3623485440,0x0,6,blk.38.ffn_down_exps.weight
845,49,4030464,3627515904,0x0,6,blk.38.ffn_gate_exps.weight
846,49,4030464,3631546368,0x0,6,blk.38.ffn_up_exps.weight
847,23,4816896,3636363264,0x0,98,blk.38.ffn_down_exps.weight
848,23,4030464,3640393728,0x0,98,blk.38.ffn_gate_exps.weight
849,23,4030464,3644424192,0x0,98,blk.38.ffn_up_exps.weight
850,17,4816896,3649241088,0x0,36,blk.38.ffn_down_exps.weight
851,17,4030464,3653271552,0x0,36,blk.38.ffn_gate_exps.weight
852,17,4030464,3657302016,0x0,36,blk.38.ffn_up_exps.weight
853,17,4816896,3662118912,0x0,70,blk.38.ffn_down_exps.weight
854,17,4030464,3666149376,0x0,70,blk.38.ffn_gate_exps.weight
855,17,4030464,3670179840,0x0,70,blk.38.ffn_up_exps.weight
856,17,4816896,3674996736,0x0,141,blk.38.ffn_down_exps.weight
857,17,4030464,3679027200,0x0,141,blk.38.ffn_gate_exps.weight
858,17,4030464,3683057664,0x0,141,blk.38.ffn_up_exps.weight
859,15,4816896,3687874560,0x0,250,blk.38.ffn_down_exps.weight
860,15,4030464,3691905024,0x0,250,blk.38.ffn_gate_exps.weight
861,15,4030464,3695935488,0x0,250,blk.38.ffn_up_exps.weight
862,13,4816896,3700752384,0x0,25,blk.38.ffn_down_exps.weight
863,13,4030464,3704782848,0x0,25,blk.38.ffn_gate_exps.weight
864,13,4030464,3708813312,0x0,25,blk.38.ffn_up_exps.weight
865,36,4816896,3713630208,0x0,0,blk.39.ffn_down_exps.weight
866,36,4030464,3717660672,0x0,0,blk.39.ffn_gate_exps.weight
867,36,4030464,3721691136,0x0,0,blk.39.ffn_up_exps.weight
868,30,4816896,3726508032,0x0,174,blk.39.ffn_down_exps.weight
869,30,4030464,3730538496,0x0,174,blk.39.ffn_gate_exps.weight
870,30,4030464,3734568960,0x0,174,blk.39.ffn_up_exps.weight
871,29,4816896,3739385856,0x0,128,blk.39.ffn_down_exps.weight
872,29,4030464,3743416320,0x0,128,blk.39.ffn_gate_exps.weight
873,29,4030464,3747446784,0x0,128,blk.39.ffn_up_exps.weight
874,29,4816896,3752263680,0x0,158,blk.39.ffn_down_exps.weight
875,29,4030464,3756294144,0x0,158,blk.39.ffn_gate_exps.weight
876,29,4030464,3760324608,0x0,158,blk.39.ffn_up_exps.weight
877,22,4816896,3765141504,0x0,138,blk.39.ffn_down_exps.weight
878,22,4030464,3769171968,0x0,138,blk.39.ffn_gate_exps.weight
879,22,4030464,3773202432,0x0,138,blk.39.ffn_up_exps.weight
880,22,4816896,3778019328,0x0,226,blk.39.ffn_down_exps.weight
881,22,4030464,3782049792,0x0,226,blk.39.ffn_gate_exps.weight
882,22,4030464,3786080256,0x0,226,blk.39.ffn_up_exps.weight
883,16,4816896,3790897152,0x0,220,blk.39.ffn_down_exps.weight
884,16,4030464,3794927616,0x0,220,blk.39.ffn_gate_exps.weight
885,16,4030464,3798958080,0x0,220,blk.39.ffn_up_exps.weight
886,15,4816896,3803774976,0x0,39,blk.39.ffn_down_exps.weight
887,15,4030464,3807805440,0x0,39,blk.39.ffn_gate_exps.weight
888,15,4030464,3811835904,0x0,39,blk.39.ffn_up_exps.weight
889,50,4816896,3816652800,0x0,70,blk.40.ffn_down_exps.weight
890,50,4030464,3820683264,0x0,70,blk.40.ffn_gate_exps.weight
891,50,4030464,3824713728,0x0,70,blk.40.ffn_up_exps.weight
892,35,4816896,3829530624,0x0,214,blk.40.ffn_down_exps.weight
893,35,4030464,3833561088,0x0,214,blk.40.ffn_gate_exps.weight
894,35,4030464,3837591552,0x0,214,blk.40.ffn_up_exps.weight
895,27,4816896,3842408448,0x0,143,blk.40.ffn_down_exps.weight
896,27,4030464,3846438912,0x0,143,blk.40.ffn_gate_exps.weight
897,27,4030464,3850469376,0x0,143,blk.40.ffn_up_exps.weight
898,25,4816896,3855286272,0x0,140,blk.40.ffn_down_exps.weight
899,25,4030464,3859316736,0x0,140,blk.40.ffn_gate_exps.weight
900,25,4030464,3863347200,0x0,140,blk.40.ffn_up_exps.weight
901,19,4816896,3868164096,0x0,189,blk.40.ffn_down_exps.weight
902,19,4030464,3872194560,0x0,189,blk.40.ffn_gate_exps.weight
903,19,4030464,3876225024,0x0,189,blk.40.ffn_up_exps.weight
904,18,4816896,3881041920,0x0,97,blk.40.ffn_down_exps.weight
905,18,4030464,3885072384,0x0,97,blk.40.ffn_gate_exps.weight
906,18,4030464,3889102848,0x0,97,blk.40.ffn_up_exps.weight
907,17,4816896,3893919744,0x0,158,blk.40.ffn_down_exps.weight
908,17,4030464,3897950208,0x0,158,blk.40.ffn_gate_exps.weight
909,17,4030464,3901980672,0x0,158,blk.40.ffn_up_exps.weight
910,17,4816896,3906797568,0x0,205,blk.40.ffn_down_exps.weight
911,17,4030464,3910828032,0x0,205,blk.40.ffn_gate_exps.weight
912,17,4030464,3914858496,0x0,205,blk.40.ffn_up_exps.weight
913,65,4816896,3919675392,0x0,112,blk.41.ffn_down_exps.weight
914,65,4030464,3923705856,0x0,112,blk.41.ffn_gate_exps.weight
915,65,4030464,3927736320,0x0,112,blk.41.ffn_up_exps.weight
916,53,4816896,3932553216,0x0,25,blk.41.ffn_down_exps.weight
917,53,4030464,3936583680,0x0,25,blk.41.ffn_gate_exps.weight
918,53,4030464,3940614144,0x0,25,blk.41.ffn_up_exps.weight
919,36,4816896,3945431040,0x0,155,blk.41.ffn_down_exps.weight
920,36,4030464,3949461504,0x0,155,blk.41.ffn_gate_exps.weight
921,36,4030464,3953491968,0x0,155,blk.41.ffn_up_exps.weight
922,35,4816896,3958308864,0x0,221,blk.41.ffn_down_exps.weight
923,35,4030464,3962339328,0x0,221,blk.41.ffn_gate_exps.weight
924,35,4030464,3966369792,0x0,221,blk.41.ffn_up_exps.weight
925,29,4816896,3971186688,0x0,2,blk.41.ffn_down_exps.weight
926,29,4030464,3975217152,0x0,2,blk.41.ffn_gate_exps.weight
927,29,4030464,3979247616,0x0,2,blk.41.ffn_up_exps.weight
928,29,4816896,3984064512,0x0,14,blk.41.ffn_down_exps.weight
929,29,4030464,3988094976,0x0,14,blk.41.ffn_gate_exps.weight
930,29,4030464,3992125440,0x0,14,blk.41.ffn_up_exps.weight
931,15,4816896,3996942336,0x0,191,blk.41.ffn_down_exps.weight
932,15,4030464,4000972800,0x0,191,blk.41.ffn_gate_exps.weight
933,15,4030464,4005003264,0x0,191,blk.41.ffn_up_exps.weight
934,14,4816896,4009820160,0x0,141,blk.41.ffn_down_exps.weight
935,14,4030464,4013850624,0x0,141,blk.41.ffn_gate_exps.weight
936,14,4030464,4017881088,0x0,141,blk.41.ffn_up_exps.weight
937,42,4816896,4022697984,0x0,178,blk.42.ffn_down_exps.weight
938,42,4030464,4026728448,0x0,178,blk.42.ffn_gate_exps.weight
939,42,4030464,4030758912,0x0,178,blk.42.ffn_up_exps.weight
940,35,4816896,4035575808,0x0,121,blk.42.ffn_down_exps.weight
941,35,4030464,4039606272,0x0,121,blk.42.ffn_gate_exps.weight
942,35,4030464,4043636736,0x0,121,blk.42.ffn_up_exps.weight
943,30,4816896,4048453632,0x0,113,blk.42.ffn_down_exps.weight
944,30,4030464,4052484096,0x0,113,blk.42.ffn_gate_exps.weight
945,30,4030464,4056514560,0x0,113,blk.42.ffn_up_exps.weight
946,17,4816896,4061331456,0x0,99,blk.42.ffn_down_exps.weight
947,17,4030464,4065361920,0x0,99,blk.42.ffn_gate_exps.weight
948,17,4030464,4069392384,0x0,99,blk.42.ffn_up_exps.weight
949,16,4816896,4074209280,0x0,36,blk.42.ffn_down_exps.weight
950,16,4030464,4078239744,0x0,36,blk.42.ffn_gate_exps.weight
951,16,4030464,4082270208,0x0,36,blk.42.ffn_up_exps.weight
952,16,4816896,4087087104,0x0,74,blk.42.ffn_down_exps.weight
953,16,4030464,4091117568,0x0,74,blk.42.ffn_gate_exps.weight
954,16,4030464,4095148032,0x0,74,blk.42.ffn_up_exps.weight
955,12,4816896,4099964928,0x0,197,blk.42.ffn_down_exps.weight
956,12,4030464,4103995392,0x0,197,blk.42.ffn_gate_exps.weight
957,12,4030464,4108025856,0x0,197,blk.42.ffn_up_exps.weight
958,12,4816896,4112842752,0x0,207,blk.42.ffn_down_exps.weight
959,12,4030464,4116873216,0x0,207,blk.42.ffn_gate_exps.weight
960,12,4030464,4120903680,0x0,207,blk.42.ffn_up_exps.weight
961,44,4816896,4125720576,0x0,133,blk.43.ffn_down_exps.weight
962,44,4030464,4129751040,0x0,133,blk.43.ffn_gate_exps.weight
963,44,4030464,4133781504,0x0,133,blk.43.ffn_up_exps.weight
964,43,4816896,4138598400,0x0,249,blk.43.ffn_down_exps.weight
965,43,4030464,4142628864,0x0,249,blk.43.ffn_gate_exps.weight
966,43,4030464,4146659328,0x0,249,blk.43.ffn_up_exps.weight
967,41,4816896,4151476224,0x0,180,blk.43.ffn_down_exps.weight
968,41,4030464,4155506688,0x0,180,blk.43.ffn_gate_exps.weight
969,41,4030464,4159537152,0x0,180,blk.43.ffn_up_exps.weight
970,32,4816896,4164354048,0x0,152,blk.43.ffn_down_exps.weight
971,32,4030464,4168384512,0x0,152,blk.43.ffn_gate_exps.weight
972,32,4030464,4172414976,0x0,152,blk.43.ffn_up_exps.weight
973,19,4816896,4177231872,0x0,212,blk.43.ffn_down_exps.weight
974,19,4030464,4181262336,0x0,212,blk.43.ffn_gate_exps.weight
975,19,4030464,4185292800,0x0,212,blk.43.ffn_up_exps.weight
976,18,4816896,4190109696,0x0,177,blk.43.ffn_down_exps.weight
977,18,4030464,4194140160,0x0,177,blk.43.ffn_gate_exps.weight
978,18,4030464,4198170624,0x0,177,blk.43.ffn_up_exps.weight
979,15,4816896,4202987520,0x0,205,blk.43.ffn_down_exps.weight
980,15,4030464,4207017984,0x0,205,blk.43.ffn_gate_exps.weight
981,15,4030464,4211048448,0x0,205,blk.43.ffn_up_exps.weight
982,14,4816896,4215865344,0x0,61,blk.43.ffn_down_exps.weight
983,14,4030464,4219895808,0x0,61,blk.43.ffn_gate_exps.weight
984,14,4030464,4223926272,0x0,61,blk.43.ffn_up_exps.weight
985,24,4816896,4228743168,0x0,47,blk.44.ffn_down_exps.weight
986,24,4030464,4232773632,0x0,47,blk.44.ffn_gate_exps.weight
987,24,4030464,4236804096,0x0,47,blk.44.ffn_up_exps.weight
988,23,4816896,4241620992,0x0,104,blk.44.ffn_down_exps.weight
989,23,4030464,4245651456,0x0,104,blk.44.ffn_gate_exps.weight
990,23,4030464,4249681920,0x0,104,blk.44.ffn_up_exps.weight
991,18,4816896,4254498816,0x0,127,blk.44.ffn_down_exps.weight
992,18,4030464,4258529280,0x0,127,blk.44.ffn_gate_exps.weight
993,18,4030464,4262559744,0x0,127,blk.44.ffn_up_exps.weight
994,16,4816896,4267376640,0x0,41,blk.44.ffn_down_exps.weight
995,16,4030464,4271407104,0x0,41,blk.44.ffn_gate_exps.weight
996,16,4030464,4275437568,0x0,41,blk.44.ffn_up_exps.weight
997,16,4816896,4280254464,0x0,217,blk.44.ffn_down_exps.weight
998,16,4030464,4284284928,0x0,217,blk.44.ffn_gate_exps.weight
999,16,4030464,4288315392,0x0,217,blk.44.ffn_up_exps.weight
1000,15,4816896,4293132288,0x0,63,blk.44.ffn_down_exps.weight
1001,15,4030464,4297162752,0x0,63,blk.44.ffn_gate_exps.weight
1002,15,4030464,4301193216,0x0,63,blk.44.ffn_up_exps.weight
1003,15,4816896,4306010112,0x0,247,blk.44.ffn_down_exps.weight
1004,15,4030464,4310040576,0x0,247,blk.44.ffn_gate_exps.weight
1005,15,4030464,4314071040,0x0,247,blk.44.ffn_up_exps.weight
1006,14,4816896,4318887936,0x0,42,blk.44.ffn_down_exps.weight
1007,14,4030464,4322918400,0x0,42,blk.44.ffn_gate_exps.weight
1008,14,4030464,4326948864,0x0,42,blk.44.ffn_up_exps.weight
1009,50,4816896,4331765760,0x0,1,blk.45.ffn_down_exps.weight
1010,50,4030464,4335796224,0x0,1,blk.45.ffn_gate_exps.weight
1011,50,4030464,4339826688,0x0,1,blk.45.ffn_up_exps.weight
1012,21,4816896,4344643584,0x0,28,blk.45.ffn_down_exps.weight
1013,21,4030464,4348674048,0x0,28,blk.45.ffn_gate_exps.weight
1014,21,4030464,4352704512,0x0,28,blk.45.ffn_up_exps.weight
1015,21,4816896,4357521408,0x0,191,blk.45.ffn_down_exps.weight
1016,21,4030464,4361551872,0x0,191,blk.45.ffn_gate_exps.weight
1017,21,4030464,4365582336,0x0,191,blk.45.ffn_up_exps.weight
1018,20,4816896,4370399232,0x0,141,blk.45.ffn_down_exps.weight
1019,20,4030464,4374429696,0x0,141,blk.45.ffn_gate_exps.weight
1020,20,4030464,4378460160,0x0,141,blk.45.ffn_up_exps.weight
1021,19,4816896,4383277056,0x0,8,blk.45.ffn_down_exps.weight
1022,19,4030464,4387307520,0x0,8,blk.45.ffn_gate_exps.weight
1023,19,4030464,4391337984,0x0,8,blk.45.ffn_up_exps.weight
1024,18,4816896,4396154880,0x0,152,blk.45.ffn_down_exps.weight
1025,18,4030464,4400185344,0x0,152,blk.45.ffn_gate_exps.weight
1026,18,4030464,4404215808,0x0,152,blk.45.ffn_up_exps.weight
1027,18,4816896,4409032704,0x0,165,blk.45.ffn_down_exps.weight
1028,18,4030464,4413063168,0x0,165,blk.45.ffn_gate_exps.weight
1029,18,4030464,4417093632,0x0,165,blk.45.ffn_up_exps.weight
1030,16,4816896,4421910528,0x0,112,blk.45.ffn_down_exps.weight
1031,16,4030464,4425940992,0x0,112,blk.45.ffn_gate_exps.weight
1032,16,4030464,4429971456,0x0,112,blk.45.ffn_up_exps.weight
1033,36,4816896,4434788352,0x0,40,blk.46.ffn_down_exps.weight
1034,36,4030464,4438818816,0x0,40,blk.46.ffn_gate_exps.weight
1035,36,4030464,4442849280,0x0,40,blk.46.ffn_up_exps.weight
1036,30,4816896,4447666176,0x0,196,blk.46.ffn_down_exps.weight
1037,30,4030464,4451696640,0x0,196,blk.46.ffn_gate_exps.weight
1038,30,4030464,4455727104,0x0,196,blk.46.ffn_up_exps.weight
1039,25,4816896,4460544000,0x0,91,blk.46.ffn_down_exps.weight
1040,25,4030464,4464574464,0x0,91,blk.46.ffn_gate_exps.weight
1041,25,4030464,4468604928,0x0,91,blk.46.ffn_up_exps.weight
1042,24,4816896,4473421824,0x0,9,blk.46.ffn_down_exps.weight
1043,24,4030464,4477452288,0x0,9,blk.46.ffn_gate_exps.weight
1044,24,4030464,4481482752,0x0,9,blk.46.ffn_up_exps.weight
1045,19,4816896,4486299648,0x0,29,blk.46.ffn_down_exps.weight
1046,19,4030464,4490330112,0x0,29,blk.46.ffn_gate_exps.weight
1047,19,4030464,4494360576,0x0,29,blk.46.ffn_up_exps.weight
1048,14,4816896,4499177472,0x0,15,blk.46.ffn_down_exps.weight
1049,14,4030464,4503207936,0x0,15,blk.46.ffn_gate_exps.weight
1050,14,4030464,4507238400,0x0,15,blk.46.ffn_up_exps.weight
1051,14,4816896,4512055296,0x0,48,blk.46.ffn_down_exps.weight
1052,14,4030464,4516085760,0x0,48,blk.46.ffn_gate_exps.weight
1053,14,4030464,4520116224,0x0,48,blk.46.ffn_up_exps.weight
1054,11,4816896,4524933120,0x0,213,blk.46.ffn_down_exps.weight
1055,11,4030464,4528963584,0x0,213,blk.46.ffn_gate_exps.weight
1056,11,4030464,4532994048,0x0,213,blk.46.ffn_up_exps.weight
1057,55,4816896,4537810944,0x0,13,blk.47.ffn_down_exps.weight
1058,55,4030464,4541841408,0x0,13,blk.47.ffn_gate_exps.weight
1059,55,4030464,4545871872,0x0,13,blk.47.ffn_up_exps.weight
1060,28,4816896,4550688768,0x0,48,blk.47.ffn_down_exps.weight
1061,28,4030464,4554719232,0x0,48,blk.47.ffn_gate_exps.weight
1062,28,4030464,4558749696,0x0,48,blk.47.ffn_up_exps.weight
1063,26,4816896,4563566592,0x0,67,blk.47.ffn_down_exps.weight
1064,26,4030464,4567597056,0x0,67,blk.47.ffn_gate_exps.weight
1065,26,4030464,4571627520,0x0,67,blk.47.ffn_up_exps.weight
1066,21,4816896,4576444416,0x0,87,blk.47.ffn_down_exps.weight
1067,21,4030464,4580474880,0x0,87,blk.47.ffn_gate_exps.weight
1068,21,4030464,4584505344,0x0,87,blk.47.ffn_up_exps.weight
1069,20,4816896,4589322240,0x0,105,blk.47.ffn_down_exps.weight
1070,20,4030464,4593352704,0x0,105,blk.47.ffn_gate_exps.weight
1071,20,4030464,4597383168,0x0,105,blk.47.ffn_up_exps.weight
1072,15,4816896,4602200064,0x0,196,blk.47.ffn_down_exps.weight
1073,15,4030464,4606230528,0x0,196,blk.47.ffn_gate_exps.weight
1074,15,4030464,4610260992,0x0,196,blk.47.ffn_up_exps.weight
1075,13,4816896,4615077888,0x0,202,blk.47.ffn_down_exps.weight
1076,13,4030464,4619108352,0x0,202,blk.47.ffn_gate_exps.weight
1077,13,4030464,4623138816,0x0,202,blk.47.ffn_up_exps.weight
1078,13,4816896,4627955712,0x0,211,blk.47.ffn_down_exps.weight
1079,13,4030464,4631986176,0x0,211,blk.47.ffn_gate_exps.weight
1080,13,4030464,4636016640,0x0,211,blk.47.ffn_up_exps.weight
1081,52,4816896,4640833536,0x0,84,blk.48.ffn_down_exps.weight
1082,52,4030464,4644864000,0x0,84,blk.48.ffn_gate_exps.weight
1083,52,4030464,4648894464,0x0,84,blk.48.ffn_up_exps.weight
1084,30,4816896,4653711360,0x0,202,blk.48.ffn_down_exps.weight
1085,30,4030464,4657741824,0x0,202,blk.48.ffn_gate_exps.weight
1086,30,4030464,4661772288,0x0,202,blk.48.ffn_up_exps.weight
1087,28,4816896,4666589184,0x0,70,blk.48.ffn_down_exps.weight
1088,28,4030464,4670619648,0x0,70,blk.48.ffn_gate_exps.weight
1089,28,4030464,4674650112,0x0,70,blk.48.ffn_up_exps.weight
1090,26,4816896,4679467008,0x0,34,blk.48.ffn_down_exps.weight
1091,26,4030464,4683497472,0x0,34,blk.48.ffn_gate_exps.weight
1092,26,4030464,4687527936,0x0,34,blk.48.ffn_up_exps.weight
1093,21,4816896,4692344832,0x0,55,blk.48.ffn_down_exps.weight
1094,21,4030464,4696375296,0x0,55,blk.48.ffn_gate_exps.weight
1095,21,4030464,4700405760,0x0,55,blk.48.ffn_up_exps.weight
1096,20,4816896,4705222656,0x0,48,blk.48.ffn_down_exps.weight
1097,20,4030464,4709253120,0x0,48,blk.48.ffn_gate_exps.weight
1098,20,4030464,4713283584,0x0,48,blk.48.ffn_up_exps.weight
1099,20,4816896,4718100480,0x0,105,blk.48.ffn_down_exps.weight
1100,20,4030464,4722130944,0x0,105,blk.48.ffn_gate_exps.weight
1101,20,4030464,4726161408,0x0,105,blk.48.ffn_up_exps.weight
1102,18,4816896,4730978304,0x0,50,blk.48.ffn_down_exps.weight
1103,18,4030464,4735008768,0x0,50,blk.48.ffn_gate_exps.weight
1104,18,4030464,4739039232,0x0,50,blk.48.ffn_up_exps.weight
1105,50,4816896,4743856128,0x0,170,blk.49.ffn_down_exps.weight
1106,50,4030464,4747886592,0x0,170,blk.49.ffn_gate_exps.weight
1107,50,4030464,4751917056,0x0,170,blk.49.ffn_up_exps.weight
1108,45,4816896,4756733952,0x0,88,blk.49.ffn_down_exps.weight
1109,45,4030464,4760764416,0x0,88,blk.49.ffn_gate_exps.weight
1110,45,4030464,4764794880,0x0,88,blk.49.ffn_up_exps.weight
1111,43,4816896,4769611776,0x0,41,blk.49.ffn_down_exps.weight
1112,43,4030464,4773642240,0x0,41,blk.49.ffn_gate_exps.weight
1113,43,4030464,4777672704,0x0,41,blk.49.ffn_up_exps.weight
1114,26,4816896,4782489600,0x0,84,blk.49.ffn_down_exps.weight
1115,26,4030464,4786520064,0x0,84,blk.49.ffn_gate_exps.weight
1116,26,4030464,4790550528,0x0,84,blk.49.ffn_up_exps.weight
1117,20,4816896,4795367424,0x0,69,blk.49.ffn_down_exps.weight
1118,20,4030464,4799397888,0x0,69,blk.49.ffn_gate_exps.weight
1119,20,4030464,4803428352,0x0,69,blk.49.ffn_up_exps.weight
1120,17,4816896,4808245248,0x0,239,blk.49.ffn_down_exps.weight
1121,17,4030464,4812275712,0x0,239,blk.49.ffn_gate_exps.weight
1122,17,4030464,4816306176,0x0,239,blk.49.ffn_up_exps.weight
1123,16,4816896,4821123072,0x0,175,blk.49.ffn_down_exps.weight
1124,16,4030464,4825153536,0x0,175,blk.49.ffn_gate_exps.weight
1125,16,4030464,4829184000,0x0,175,blk.49.ffn_up_exps.weight
1126,12,4816896,4834000896,0x0,130,blk.49.ffn_down_exps.weight
1127,12,4030464,4838031360,0x0,130,blk.49.ffn_gate_exps.weight
1128,12,4030464,4842061824,0x0,130,blk.49.ffn_up_exps.weight
1129,52,4816896,4846878720,0x0,188,blk.50.ffn_down_exps.weight
1130,52,4030464,4850909184,0x0,188,blk.50.ffn_gate_exps.weight
1131,52,4030464,4854939648,0x0,188,blk.50.ffn_up_exps.weight
1132,51,4816896,4859756544,0x0,55,blk.50.ffn_down_exps.weight
1133,51,4030464,4863787008,0x0,55,blk.50.ffn_gate_exps.weight
1134,51,4030464,4867817472,0x0,55,blk.50.ffn_up_exps.weight
1135,39,4816896,4872634368,0x0,171,blk.50.ffn_down_exps.weight
1136,39,4030464,4876664832,0x0,171,blk.50.ffn_gate_exps.weight
1137,39,4030464,4880695296,0x0,171,blk.50.ffn_up_exps.weight
1138,18,4816896,4885512192,0x0,86,blk.50.ffn_down_exps.weight
1139,18,4030464,4889542656,0x0,86,blk.50.ffn_gate_exps.weight
1140,18,4030464,4893573120,0x0,86,blk.50.ffn_up_exps.weight
1141,15,4816896,4898390016,0x0,16,blk.50.ffn_down_exps.weight
1142,15,4030464,4902420480,0x0,16,blk.50.ffn_gate_exps.weight
1143,15,4030464,4906450944,0x0,16,blk.50.ffn_up_exps.weight
1144,15,4816896,4911267840,0x0,59,blk.50.ffn_down_exps.weight
1145,15,4030464,4915298304,0x0,59,blk.50.ffn_gate_exps.weight
1146,15,4030464,4919328768,0x0,59,blk.50.ffn_up_exps.weight
1147,15,4816896,4924145664,0x0,200,blk.50.ffn_down_exps.weight
1148,15,4030464,4928176128,0x0,200,blk.50.ffn_gate_exps.weight
1149,15,4030464,4932206592,0x0,200,blk.50.ffn_up_exps.weight
1150,14,4816896,4937023488,0x0,19,blk.50.ffn_down_exps.weight
1151,14,4030464,4941053952,0x0,19,blk.50.ffn_gate_exps.weight
1152,14,4030464,4945084416,0x0,19,blk.50.ffn_up_exps.weight
1153,45,4816896,4949901312,0x0,123,blk.51.ffn_down_exps.weight
1154,45,4030464,4953931776,0x0,123,blk.51.ffn_gate_exps.weight
1155,45,4030464,4957962240,0x0,123,blk.51.ffn_up_exps.weight
1156,28,4816896,4962779136,0x0,122,blk.51.ffn_down_exps.weight
1157,28,4030464,4966809600,0x0,122,blk.51.ffn_gate_exps.weight
1158,28,4030464,4970840064,0x0,122,blk.51.ffn_up_exps.weight
1159,25,4816896,4975656960,0x0,3,blk.51.ffn_down_exps.weight
1160,25,4030464,4979687424,0x0,3,blk.51.ffn_gate_exps.weight
1161,25,4030464,4983717888,0x0,3,blk.51.ffn_up_exps.weight
1162,16,4816896,4988534784,0x0,191,blk.51.ffn_down_exps.weight
1163,16,4030464,4992565248,0x0,191,blk.51.ffn_gate_exps.weight
1164,16,4030464,4996595712,0x0,191,blk.51.ffn_up_exps.weight
1165,16,4816896,5001412608,0x0,223,blk.51.ffn_down_exps.weight
1166,16,4030464,5005443072,0x0,223,blk.51.ffn_gate_exps.weight
1167,16,4030464,5009473536,0x0,223,blk.51.ffn_up_exps.weight
1168,16,4816896,5014290432,0x0,252,blk.51.ffn_down_exps.weight
1169,16,4030464,5018320896,0x0,252,blk.51.ffn_gate_exps.weight
1170,16,4030464,5022351360,0x0,252,blk.51.ffn_up_exps.weight
1171,15,4816896,5027168256,0x0,1,blk.51.ffn_down_exps.weight
1172,15,4030464,5031198720,0x0,1,blk.51.ffn_gate_exps.weight
1173,15,4030464,5035229184,0x0,1,blk.51.ffn_up_exps.weight
1174,15,4816896,5040046080,0x0,100,blk.51.ffn_down_exps.weight
1175,15,4030464,5044076544,0x0,100,blk.51.ffn_gate_exps.weight
1176,15,4030464,5048107008,0x0,100,blk.51.ffn_up_exps.weight
1177,36,4816896,5052923904,0x0,40,blk.52.ffn_down_exps.weight
1178,36,4030464,5056954368,0x0,40,blk.52.ffn_gate_exps.weight
1179,36,4030464,5060984832,0x0,40,blk.52.ffn_up_exps.weight
1180,32,4816896,5065801728,0x0,37,blk.52.ffn_down_exps.weight
1181,32,4030464,5069832192,0x0,37,blk.52.ffn_gate_exps.weight
1182,32,4030464,5073862656,0x0,37,blk.52.ffn_up_exps.weight
1183,29,4816896,5078679552,0x0,19,blk.52.ffn_down_exps.weight
1184,29,4030464,5082710016,0x0,19,blk.52.ffn_gate_exps.weight
1185,29,4030464,5086740480,0x0,19,blk.52.ffn_up_exps.weight
1186,24,4816896,5091557376,0x0,4,blk.52.ffn_down_exps.weight
1187,24,4030464,5095587840,0x0,4,blk.52.ffn_gate_exps.weight
1188,24,4030464,5099618304,0x0,4,blk.52.ffn_up_exps.weight
1189,24,4816896,5104435200,0x0,179,blk.52.ffn_down_exps.weight
1190,24,4030464,5108465664,0x0,179,blk.52.ffn_gate_exps.weight
1191,24,4030464,5112496128,0x0,179,blk.52.ffn_up_exps.weight
1192,23,4816896,5117313024,0x0,229,blk.52.ffn_down_exps.weight
1193,23,4030464,5121343488,0x0,229,blk.52.ffn_gate_exps.weight
1194,23,4030464,5125373952,0x0,229,blk.52.ffn_up_exps.weight
1195,19,4816896,5130190848,0x0,47,blk.52.ffn_down_exps.weight
1196,19,4030464,5134221312,0x0,47,blk.52.ffn_gate_exps.weight
1197,19,4030464,5138251776,0x0,47,blk.52.ffn_up_exps.weight
1198,18,4816896,5143068672,0x0,108,blk.52.ffn_down_exps.weight
1199,18,4030464,5147099136,0x0,108,blk.52.ffn_gate_exps.weight
1200,18,4030464,5151129600,0x0,108,blk.52.ffn_up_exps.weight
1201,59,4816896,5155946496,0x0,43,blk.53.ffn_down_exps.weight
1202,59,4030464,5159976960,0x0,43,blk.53.ffn_gate_exps.weight
1203,59,4030464,5164007424,0x0,43,blk.53.ffn_up_exps.weight
1204,52,4816896,5168824320,0x0,71,blk.53.ffn_down_exps.weight
1205,52,4030464,5172854784,0x0,71,blk.53.ffn_gate_exps.weight
1206,52,4030464,5176885248,0x0,71,blk.53.ffn_up_exps.weight
1207,47,4816896,5181702144,0x0,244,blk.53.ffn_down_exps.weight
1208,47,4030464,5185732608,0x0,244,blk.53.ffn_gate_exps.weight
1209,47,4030464,5189763072,0x0,244,blk.53.ffn_up_exps.weight
1210,41,4816896,5194579968,0x0,27,blk.53.ffn_down_exps.weight
1211,41,4030464,5198610432,0x0,27,blk.53.ffn_gate_exps.weight
1212,41,4030464,5202640896,0x0,27,blk.53.ffn_up_exps.weight
1213,25,4816896,5207457792,0x0,177,blk.53.ffn_down_exps.weight
1214,25,4030464,5211488256,0x0,177,blk.53.ffn_gate_exps.weight
1215,25,4030464,5215518720,0x0,177,blk.53.ffn_up_exps.weight
1216,18,4816896,5220335616,0x0,220,blk.53.ffn_down_exps.weight
1217,18,4030464,5224366080,0x0,220,blk.53.ffn_gate_exps.weight
1218,18,4030464,5228396544,0x0,220,blk.53.ffn_up_exps.weight
1219,15,4816896,5233213440,0x0,104,blk.53.ffn_down_exps.weight
1220,15,4030464,5237243904,0x0,104,blk.53.ffn_gate_exps.weight
1221,15,4030464,5241274368,0x0,104,blk.53.ffn_up_exps.weight
1222,11,4816896,5246091264,0x0,172,blk.53.ffn_down_exps.weight
1223,11,4030464,5250121728,0x0,172,blk.53.ffn_gate_exps.weight
1224,11,4030464,5254152192,0x0,172,blk.53.ffn_up_exps.weight
1225,39,4816896,5258969088,0x0,149,blk.54.ffn_down_exps.weight
1226,39,4030464,5262999552,0x0,149,blk.54.ffn_gate_exps.weight
1227,39,4030464,5267030016,0x0,149,blk.54.ffn_up_exps.weight
1228,31,4816896,5271846912,0x0,82,blk.54.ffn_down_exps.weight
1229,31,4030464,5275877376,0x0,82,blk.54.ffn_gate_exps.weight
1230,31,4030464,5279907840,0x0,82,blk.54.ffn_up_exps.weight
1231,20,4816896,5284724736,0x0,96,blk.54.ffn_down_exps.weight
1232,20,4030464,5288755200,0x0,96,blk.54.ffn_gate_exps.weight
1233,20,4030464,5292785664,0x0,96,blk.54.ffn_up_exps.weight
1234,19,4816896,5297602560,0x0,213,blk.54.ffn_down_exps.weight
1235,19,4030464,5301633024,0x0,213,blk.54.ffn_gate_exps.weight
1236,19,4030464,5305663488,0x0,213,blk.54.ffn_up_exps.weight
1237,18,4816896,5310480384,0x0,68,blk.54.ffn_down_exps.weight
1238,18,4030464,5314510848,0x0,68,blk.54.ffn_gate_exps.weight
1239,18,4030464,5318541312,0x0,68,blk.54.ffn_up_exps.weight
1240,17,4816896,5323358208,0x0,223,blk.54.ffn_down_exps.weight
1241,17,4030464,5327388672,0x0,223,blk.54.ffn_gate_exps.weight
1242,17,4030464,5331419136,0x0,223,blk.54.ffn_up_exps.weight
1243,16,4816896,5336236032,0x0,87,blk.54.ffn_down_exps.weight
1244,16,4030464,5340266496,0x0,87,blk.54.ffn_gate_exps.weight
1245,16,4030464,5344296960,0x0,87,blk.54.ffn_up_exps.weight
1246,13,4816896,5349113856,0x0,195,blk.54.ffn_down_exps.weight
1247,13,4030464,5353144320,0x0,195,blk.54.ffn_gate_exps.weight
1248,13,4030464,5357174784,0x0,195,blk.54.ffn_up_exps.weight
1249,36,4816896,5361991680,0x0,218,blk.55.ffn_down_exps.weight
1250,36,4030464,5366022144,0x0,218,blk.55.ffn_gate_exps.weight
1251,36,4030464,5370052608,0x0,218,blk.55.ffn_up_exps.weight
1252,30,4816896,5374869504,0x0,193,blk.55.ffn_down_exps.weight
1253,30,4030464,5378899968,0x0,193,blk.55.ffn_gate_exps.weight
1254,30,4030464,5382930432,0x0,193,blk.55.ffn_up_exps.weight
1255,29,4816896,5387747328,0x0,77,blk.55.ffn_down_exps.weight
1256,29,4030464,5391777792,0x0,77,blk.55.ffn_gate_exps.weight
1257,29,4030464,5395808256,0x0,77,blk.55.ffn_up_exps.weight
1258,27,4816896,5400625152,0x0,13,blk.55.ffn_down_exps.weight
1259,27,4030464,5404655616,0x0,13,blk.55.ffn_gate_exps.weight
1260,27,4030464,5408686080,0x0,13,blk.55.ffn_up_exps.weight
1261,22,4816896,5413502976,0x0,131,blk.55.ffn_down_exps.weight
1262,22,4030464,5417533440,0x0,131,blk.55.ffn_gate_exps.weight
1263,22,4030464,5421563904,0x0,131,blk.55.ffn_up_exps.weight
1264,19,4816896,5426380800,0x0,127,blk.55.ffn_down_exps.weight
1265,19,4030464,5430411264,0x0,127,blk.55.ffn_gate_exps.weight
1266,19,4030464,5434441728,0x0,127,blk.55.ffn_up_exps.weight
1267,16,4816896,5439258624,0x0,143,blk.55.ffn_down_exps.weight
1268,16,4030464,5443289088,0x0,143,blk.55.ffn_gate_exps.weight
1269,16,4030464,5447319552,0x0,143,blk.55.ffn_up_exps.weight
1270,15,4816896,5452136448,0x0,171,blk.55.ffn_down_exps.weight
1271,15,4030464,5456166912,0x0,171,blk.55.ffn_gate_exps.weight
1272,15,4030464,5460197376,0x0,171,blk.55.ffn_up_exps.weight
1273,32,4816896,5465014272,0x0,71,blk.56.ffn_down_exps.weight
1274,32,4030464,5469044736,0x0,71,blk.56.ffn_gate_exps.weight
1275,32,4030464,5473075200,0x0,71,blk.56.ffn_up_exps.weight
1276,29,4816896,5477892096,0x0,221,blk.56.ffn_down_exps.weight
1277,29,4030464,5481922560,0x0,221,blk.56.ffn_gate_exps.weight
1278,29,4030464,5485953024,0x0,221,blk.56.ffn_up_exps.weight
1279,28,4816896,5490769920,0x0,37,blk.56.ffn_down_exps.weight
1280,28,4030464,5494800384,0x0,37,blk.56.ffn_gate_exps.weight
1281,28,4030464,5498830848,0x0,37,blk.56.ffn_up_exps.weight
1282,25,4816896,5503647744,0x0,84,blk.56.ffn_down_exps.weight
1283,25,4030464,5507678208,0x0,84,blk.56.ffn_gate_exps.weight
1284,25,4030464,5511708672,0x0,84,blk.56.ffn_up_exps.weight
1285,22,4816896,5516525568,0x0,149,blk.56.ffn_down_exps.weight
1286,22,4030464,5520556032,0x0,149,blk.56.ffn_gate_exps.weight
1287,22,4030464,5524586496,0x0,149,blk.56.ffn_up_exps.weight
1288,22,4816896,5529403392,0x0,213,blk.56.ffn_down_exps.weight
1289,22,4030464,5533433856,0x0,213,blk.56.ffn_gate_exps.weight
1290,22,4030464,5537464320,0x0,213,blk.56.ffn_up_exps.weight
1291,20,4816896,5542281216,0x0,172,blk.56.ffn_down_exps.weight
1292,20,4030464,5546311680,0x0,172,blk.56.ffn_gate_exps.weight
1293,20,4030464,5550342144,0x0,172,blk.56.ffn_up_exps.weight
1294,18,4816896,5555159040,0x0,177,blk.56.ffn_down_exps.weight
1295,18,4030464,5559189504,0x0,177,blk.56.ffn_gate_exps.weight
1296,18,4030464,5563219968,0x0,177,blk.56.ffn_up_exps.weight
1297,59,4816896,5568036864,0x0,45,blk.57.ffn_down_exps.weight
1298,59,4030464,5572067328,0x0,45,blk.57.ffn_gate_exps.weight
1299,59,4030464,5576097792,0x0,45,blk.57.ffn_up_exps.weight
1300,51,4816896,5580914688,0x0,2,blk.57.ffn_down_exps.weight
1301,51,4030464,5584945152,0x0,2,blk.57.ffn_gate_exps.weight
1302,51,4030464,5588975616,0x0,2,blk.57.ffn_up_exps.weight
1303,45,4816896,5593792512,0x0,126,blk.57.ffn_down_exps.weight
1304,45,4030464,5597822976,0x0,126,blk.57.ffn_gate_exps.weight
1305,45,4030464,5601853440,0x0,126,blk.57.ffn_up_exps.weight
1306,28,4816896,5606670336,0x0,250,blk.57.ffn_down_exps.weight
1307,28,4030464,5610700800,0x0,250,blk.57.ffn_gate_exps.weight
1308,28,4030464,5614731264,0x0,250,blk.57.ffn_up_exps.weight
1309,19,4816896,5619548160,0x0,213,blk.57.ffn_down_exps.weight
1310,19,4030464,5623578624,0x0,213,blk.57.ffn_gate_exps.weight
1311,19,4030464,5627609088,0x0,213,blk.57.ffn_up_exps.weight
1312,17,4816896,5632425984,0x0,61,blk.57.ffn_down_exps.weight
1313,17,4030464,5636456448,0x0,61,blk.57.ffn_gate_exps.weight
1314,17,4030464,5640486912,0x0,61,blk.57.ffn_up_exps.weight
1315,17,4816896,5645303808,0x0,159,blk.57.ffn_down_exps.weight
1316,17,4030464,5649334272,0x0,159,blk.57.ffn_gate_exps.weight
1317,17,4030464,5653364736,0x0,159,blk.57.ffn_up_exps.weight
1318,17,4816896,5658181632,0x0,195,blk.57.ffn_down_exps.weight
1319,17,4030464,5662212096,0x0,195,blk.57.ffn_gate_exps.weight
1320,17,4030464,5666242560,0x0,195,blk.57.ffn_up_exps.weight
1321,42,4816896,5671059456,0x0,11,blk.58.ffn_down_exps.weight
1322,42,4030464,5675089920,0x0,11,blk.58.ffn_gate_exps.weight
1323,42,4030464,5679120384,0x0,11,blk.58.ffn_up_exps.weight
1324,32,4816896,5683937280,0x0,8,blk.58.ffn_down_exps.weight
1325,32,4030464,5687967744,0x0,8,blk.58.ffn_gate_exps.weight
1326,32,4030464,5691998208,0x0,8,blk.58.ffn_up_exps.weight
1327,28,4816896,5696815104,0x0,154,blk.58.ffn_down_exps.weight
1328,28,4030464,5700845568,0x0,154,blk.58.ffn_gate_exps.weight
1329,28,4030464,5704876032,0x0,154,blk.58.ffn_up_exps.weight
1330,23,4816896,5709692928,0x0,168,blk.58.ffn_down_exps.weight
1331,23,4030464,5713723392,0x0,168,blk.58.ffn_gate_exps.weight
1332,23,4030464,5717753856,0x0,168,blk.58.ffn_up_exps.weight
1333,21,4816896,5722570752,0x0,31,blk.58.ffn_down_exps.weight
1334,21,4030464,5726601216,0x0,31,blk.58.ffn_gate_exps.weight
1335,21,4030464,5730631680,0x0,31,blk.58.ffn_up_exps.weight
1336,19,4816896,5735448576,0x0,209,blk.58.ffn_down_exps.weight
1337,19,4030464,5739479040,0x0,209,blk.58.ffn_gate_exps.weight
1338,19,4030464,5743509504,0x0,209,blk.58.ffn_up_exps.weight
1339,18,4816896,5748326400,0x0,77,blk.58.ffn_down_exps.weight
1340,18,4030464,5752356864,0x0,77,blk.58.ffn_gate_exps.weight
1341,18,4030464,5756387328,0x0,77,blk.58.ffn_up_exps.weight
1342,18,4816896,5761204224,0x0,183,blk.58.ffn_down_exps.weight
1343,18,4030464,5765234688,0x0,183,blk.58.ffn_gate_exps.weight
1344,18,4030464,5769265152,0x0,183,blk.58.ffn_up_exps.weight
1345,48,4816896,5774082048,0x0,239,blk.59.ffn_down_exps.weight
1346,48,4030464,5778112512,0x0,239,blk.59.ffn_gate_exps.weight
1347,48,4030464,5782142976,0x0,239,blk.59.ffn_up_exps.weight
1348,28,4816896,5786959872,0x0,203,blk.59.ffn_down_exps.weight
1349,28,4030464,5790990336,0x0,203,blk.59.ffn_gate_exps.weight
1350,28,4030464,5795020800,0x0,203,blk.59.ffn_up_exps.weight
1351,23,4816896,5799837696,0x0,85,blk.59.ffn_down_exps.weight
1352,23,4030464,5803868160,0x0,85,blk.59.ffn_gate_exps.weight
1353,23,4030464,5807898624,0x0,85,blk.59.ffn_up_exps.weight
1354,19,4816896,5812715520,0x0,192,blk.59.ffn_down_exps.weight
1355,19,4030464,5816745984,0x0,192,blk.59.ffn_gate_exps.weight
1356,19,4030464,5820776448,0x0,192,blk.59.ffn_up_exps.weight
1357,19,4816896,5825593344,0x0,217,blk.59.ffn_down_exps.weight
1358,19,4030464,5829623808,0x0,217,blk.59.ffn_gate_exps.weight
1359,19,4030464,5833654272,0x0,217,blk.59.ffn_up_exps.weight
1360,17,4816896,5838471168,0x0,87,blk.59.ffn_down_exps.weight
1361,17,4030464,5842501632,0x0,87,blk.59.ffn_gate_exps.weight
1362,17,4030464,5846532096,0x0,87,blk.59.ffn_up_exps.weight
1363,16,4816896,5851348992,0x0,30,blk.59.ffn_down_exps.weight
1364,16,4030464,5855379456,0x0,30,blk.59.ffn_gate_exps.weight
1365,16,4030464,5859409920,0x0,30,blk.59.ffn_up_exps.weight
1366,15,4816896,5864226816,0x0,42,blk.59.ffn_down_exps.weight
1367,15,4030464,5868257280,0x0,42,blk.59.ffn_gate_exps.weight
1368,15,4030464,5872287744,0x0,42,blk.59.ffn_up_exps.weight
1369,47,4816896,5877104640,0x0,225,blk.60.ffn_down_exps.weight
1370,47,4030464,5881135104,0x0,225,blk.60.ffn_gate_exps.weight
1371,47,4030464,5885165568,0x0,225,blk.60.ffn_up_exps.weight
1372,27,4816896,5889982464,0x0,4,blk.60.ffn_down_exps.weight
1373,27,4030464,5894012928,0x0,4,blk.60.ffn_gate_exps.weight
1374,27,4030464,5898043392,0x0,4,blk.60.ffn_up_exps.weight
1375,26,4816896,5902860288,0x0,114,blk.60.ffn_down_exps.weight
1376,26,4030464,5906890752,0x0,114,blk.60.ffn_gate_exps.weight
1377,26,4030464,5910921216,0x0,114,blk.60.ffn_up_exps.weight
1378,21,4816896,5915738112,0x0,9,blk.60.ffn_down_exps.weight
1379,21,4030464,5919768576,0x0,9,blk.60.ffn_gate_exps.weight
1380,21,4030464,5923799040,0x0,9,blk.60.ffn_up_exps.weight
1381,21,4816896,5928615936,0x0,106,blk.60.ffn_down_exps.weight
1382,21,4030464,5932646400,0x0,106,blk.60.ffn_gate_exps.weight
1383,21,4030464,5936676864,0x0,106,blk.60.ffn_up_exps.weight
1384,18,4816896,5941493760,0x0,45,blk.60.ffn_down_exps.weight
1385,18,4030464,5945524224,0x0,45,blk.60.ffn_gate_exps.weight
1386,18,4030464,5949554688,0x0,45,blk.60.ffn_up_exps.weight
1387,18,4816896,5954371584,0x0,88,blk.60.ffn_down_exps.weight
1388,18,4030464,5958402048,0x0,88,blk.60.ffn_gate_exps.weight
1389,18,4030464,5962432512,0x0,88,blk.60.ffn_up_exps.weight
1390,16,4816896,5967249408,0x0,164,blk.60.ffn_down_exps.weight
1391,16,4030464,5971279872,0x0,164,blk.60.ffn_gate_exps.weight
1392,16,4030464,5975310336,0x0,164,blk.60.ffn_up_exps.weight
1393,28,4816896,5980127232,0x0,155,blk.61.ffn_down_exps.weight
1394,28,4030464,5984157696,0x0,155,blk.61.ffn_gate_exps.weight
1395,28,4030464,5988188160,0x0,155,blk.61.ffn_up_exps.weight
1396,24,4816896,5993005056,0x0,196,blk.61.ffn_down_exps.weight
1397,24,4030464,5997035520,0x0,196,blk.61.ffn_gate_exps.weight
1398,24,4030464,6001065984,0x0,196,blk.61.ffn_up_exps.weight
1399,23,4816896,6005882880,0x0,149,blk.61.ffn_down_exps.weight
1400,23,4030464,6009913344,0x0,149,blk.61.ffn_gate_exps.weight
1401,23,4030464,6013943808,0x0,149,blk.61.ffn_up_exps.weight
1402,22,4816896,6018760704,0x0,200,blk.61.ffn_down_exps.weight
1403,22,4030464,6022791168,0x0,200,blk.61.ffn_gate_exps.weight
1404,22,4030464,6026821632,0x0,200,blk.61.ffn_up_exps.weight
1405,22,4816896,6031638528,0x0,241,blk.61.ffn_down_exps.weight
1406,22,4030464,6035668992,0x0,241,blk.61.ffn_gate_exps.weight
1407,22,4030464,6039699456,0x0,241,blk.61.ffn_up_exps.weight
1408,21,4816896,6044516352,0x0,62,blk.61.ffn_down_exps.weight
1409,21,4030464,6048546816,0x0,62,blk.61.ffn_gate_exps.weight
1410,21,4030464,6052577280,0x0,62,blk.61.ffn_up_exps.weight
1411,21,4816896,6057394176,0x0,245,blk.61.ffn_down_exps.weight
1412,21,4030464,6061424640,0x0,245,blk.61.ffn_gate_exps.weight
1413,21,4030464,6065455104,0x0,245,blk.61.ffn_up_exps.weight
1414,19,4816896,6070272000,0x0,117,blk.61.ffn_down_exps.weight
1415,19,4030464,6074302464,0x0,117,blk.61.ffn_gate_exps.weight
1416,19,4030464,6078332928,0x0,117,blk.61.ffn_up_exps.weight
1417,35,4816896,6083149824,0x0,41,blk.62.ffn_down_exps.weight
1418,35,4030464,6087180288,0x0,41,blk.62.ffn_gate_exps.weight
1419,35,4030464,6091210752,0x0,41,blk.62.ffn_up_exps.weight
1420,35,4816896,6096027648,0x0,62,blk.62.ffn_down_exps.weight
1421,35,4030464,6100058112,0x0,62,blk.62.ffn_gate_exps.weight
1422,35,4030464,6104088576,0x0,62,blk.62.ffn_up_exps.weight
1423,32,4816896,6108905472,0x0,215,blk.62.ffn_down_exps.weight
1424,32,4030464,6112935936,0x0,215,blk.62.ffn_gate_exps.weight
1425,32,4030464,6116966400,0x0,215,blk.62.ffn_up_exps.weight
1426,21,4816896,6121783296,0x0,39,blk.62.ffn_down_exps.weight
1427,21,4030464,6125813760,0x0,39,blk.62.ffn_gate_exps.weight
1428,21,4030464,6129844224,0x0,39,blk.62.ffn_up_exps.weight
1429,18,4816896,6134661120,0x0,182,blk.62.ffn_down_exps.weight
1430,18,4030464,6138691584,0x0,182,blk.62.ffn_gate_exps.weight
1431,18,4030464,6142722048,0x0,182,blk.62.ffn_up_exps.weight
1432,18,4816896,6147538944,0x0,211,blk.62.ffn_down_exps.weight
1433,18,4030464,6151569408,0x0,211,blk.62.ffn_gate_exps.weight
1434,18,4030464,6155599872,0x0,211,blk.62.ffn_up_exps.weight
1435,17,4816896,6160416768,0x0,243,blk.62.ffn_down_exps.weight
1436,17,4030464,6164447232,0x0,243,blk.62.ffn_gate_exps.weight
1437,17,4030464,6168477696,0x0,243,blk.62.ffn_up_exps.weight
1438,15,4816896,6173294592,0x0,60,blk.62.ffn_down_exps.weight
1439,15,4030464,6177325056,0x0,60,blk.62.ffn_gate_exps.weight
1440,15,4030464,6181355520,0x0,60,blk.62.ffn_up_exps.weight
1441,33,4816896,6186172416,0x0,227,blk.63.ffn_down_exps.weight
1442,33,4030464,6190202880,0x0,227,blk.63.ffn_gate_exps.weight
1443,33,4030464,6194233344,0x0,227,blk.63.ffn_up_exps.weight
1444,32,4816896,6199050240,0x0,8,blk.63.ffn_down_exps.weight
1445,32,4030464,6203080704,0x0,8,blk.63.ffn_gate_exps.weight
1446,32,4030464,6207111168,0x0,8,blk.63.ffn_up_exps.weight
1447,31,4816896,6211928064,0x0,120,blk.63.ffn_down_exps.weight
1448,31,4030464,6215958528,0x0,120,blk.63.ffn_gate_exps.weight
1449,31,4030464,6219988992,0x0,120,blk.63.ffn_up_exps.weight
1450,23,4816896,6224805888,0x0,60,blk.63.ffn_down_exps.weight
1451,23,4030464,6228836352,0x0,60,blk.63.ffn_gate_exps.weight
1452,23,4030464,6232866816,0x0,60,blk.63.ffn_up_exps.weight
1453,21,4816896,6237683712,0x0,7,blk.63.ffn_down_exps.weight
1454,21,4030464,6241714176,0x0,7,blk.63.ffn_gate_exps.weight
1455,21,4030464,6245744640,0x0,7,blk.63.ffn_up_exps.weight
1456,21,4816896,6250561536,0x0,200,blk.63.ffn_down_exps.weight
1457,21,4030464,6254592000,0x0,200,blk.63.ffn_gate_exps.weight
1458,21,4030464,6258622464,0x0,200,blk.63.ffn_up_exps.weight
1459,18,4816896,6263439360,0x0,233,blk.63.ffn_down_exps.weight
1460,18,4030464,6267469824,0x0,233,blk.63.ffn_gate_exps.weight
1461,18,4030464,6271500288,0x0,233,blk.63.ffn_up_exps.weight
1462,14,4816896,6276317184,0x0,70,blk.63.ffn_down_exps.weight
1463,14,4030464,6280347648,0x0,70,blk.63.ffn_gate_exps.weight
1464,14,4030464,6284378112,0x0,70,blk.63.ffn_up_exps.weight
1465,32,4816896,6289195008,0x0,210,blk.64.ffn_down_exps.weight
1466,32,4030464,6293225472,0x0,210,blk.64.ffn_gate_exps.weight
1467,32,4030464,6297255936,0x0,210,blk.64.ffn_up_exps.weight
1468,22,4816896,6302072832,0x0,118,blk.64.ffn_down_exps.weight
1469,22,4030464,6306103296,0x0,118,blk.64.ffn_gate_exps.weight
1470,22,4030464,6310133760,0x0,118,blk.64.ffn_up_exps.weight
1471,21,4816896,6314950656,0x0,226,blk.64.ffn_down_exps.weight
1472,21,4030464,6318981120,0x0,226,blk.64.ffn_gate_exps.weight
1473,21,4030464,6323011584,0x0,226,blk.64.ffn_up_exps.weight
1474,19,4816896,6327828480,0x0,14,blk.64.ffn_down_exps.weight
1475,19,4030464,6331858944,0x0,14,blk.64.ffn_gate_exps.weight
1476,19,4030464,6335889408,0x0,14,blk.64.ffn_up_exps.weight
1477,19,4816896,6340706304,0x0,61,blk.64.ffn_down_exps.weight
1478,19,4030464,6344736768,0x0,61,blk.64.ffn_gate_exps.weight
1479,19,4030464,6348767232,0x0,61,blk.64.ffn_up_exps.weight
1480,13,4816896,6353584128,0x0,190,blk.64.ffn_down_exps.weight
1481,13,4030464,6357614592,0x0,190,blk.64.ffn_gate_exps.weight
1482,13,4030464,6361645056,0x0,190,blk.64.ffn_up_exps.weight
1483,12,4816896,6366461952,0x0,116,blk.64.ffn_down_exps.weight
1484,12,4030464,6370492416,0x0,116,blk.64.ffn_gate_exps.weight
1485,12,4030464,6374522880,0x0,116,blk.64.ffn_up_exps.weight
1486,12,4816896,6379339776,0x0,166,blk.64.ffn_down_exps.weight
1487,12,4030464,6383370240,0x0,166,blk.64.ffn_gate_exps.weight
1488,12,4030464,6387400704,0x0,166,blk.64.ffn_up_exps.weight
1489,50,4816896,6392217600,0x0,235,blk.65.ffn_down_exps.weight
1490,50,4030464,6396248064,0x0,235,blk.65.ffn_gate_exps.weight
1491,50,4030464,6400278528,0x0,235,blk.65.ffn_up_exps.weight
1492,25,4816896,6405095424,0x0,107,blk.65.ffn_down_exps.weight
1493,25,4030464,6409125888,0x0,107,blk.65.ffn_gate_exps.weight
1494,25,4030464,6413156352,0x0,107,blk.65.ffn_up_exps.weight
1495,22,4816896,6417973248,0x0,202,blk.65.ffn_down_exps.weight
1496,22,4030464,6422003712,0x0,202,blk.65.ffn_gate_exps.weight
1497,22,4030464,6426034176,0x0,202,blk.65.ffn_up_exps.weight
1498,21,4816896,6430851072,0x0,127,blk.65.ffn_down_exps.weight
1499,21,4030464,6434881536,0x0,127,blk.65.ffn_gate_exps.weight
1500,21,4030464,6438912000,0x0,127,blk.65.ffn_up_exps.weight
1501,18,4816896,6443728896,0x0,212,blk.65.ffn_down_exps.weight
1502,18,4030464,6447759360,0x0,212,blk.65.ffn_gate_exps.weight
1503,18,4030464,6451789824,0x0,212,blk.65.ffn_up_exps.weight
1504,17,4816896,6456606720,0x0,88,blk.65.ffn_down_exps.weight
1505,17,4030464,6460637184,0x0,88,blk.65.ffn_gate_exps.weight
1506,17,4030464,6464667648,0x0,88,blk.65.ffn_up_exps.weight
1507,16,4816896,6469484544,0x0,30,blk.65.ffn_down_exps.weight
1508,16,4030464,6473515008,0x0,30,blk.65.ffn_gate_exps.weight
1509,16,4030464,6477545472,0x0,30,blk.65.ffn_up_exps.weight
1510,15,4816896,6482362368,0x0,47,blk.65.ffn_down_exps.weight
1511,15,4030464,6486392832,0x0,47,blk.65.ffn_gate_exps.weight
1512,15,4030464,6490423296,0x0,47,blk.65.ffn_up_exps.weight
1513,39,4816896,6495240192,0x0,122,blk.66.ffn_down_exps.weight
1514,39,4030464,6499270656,0x0,122,blk.66.ffn_gate_exps.weight
1515,39,4030464,6503301120,0x0,122,blk.66.ffn_up_exps.weight
1516,36,4816896,6508118016,0x0,72,blk.66.ffn_down_exps.weight
1517,36,4030464,6512148480,0x0,72,blk.66.ffn_gate_exps.weight
1518,36,4030464,6516178944,0x0,72,blk.66.ffn_up_exps.weight
1519,26,4816896,6520995840,0x0,146,blk.66.ffn_down_exps.weight
1520,26,4030464,6525026304,0x0,146,blk.66.ffn_gate_exps.weight
1521,26,4030464,6529056768,0x0,146,blk.66.ffn_up_exps.weight
1522,21,4816896,6533873664,0x0,44,blk.66.ffn_down_exps.weight
1523,21,4030464,6537904128,0x0,44,blk.66.ffn_gate_exps.weight
1524,21,4030464,6541934592,0x0,44,blk.66.ffn_up_exps.weight
1525,21,4816896,6546751488,0x0,212,blk.66.ffn_down_exps.weight
1526,21,4030464,6550781952,0x0,212,blk.66.ffn_gate_exps.weight
1527,21,4030464,6554812416,0x0,212,blk.66.ffn_up_exps.weight
1528,20,4816896,6559629312,0x0,180,blk.66.ffn_down_exps.weight
1529,20,4030464,6563659776,0x0,180,blk.66.ffn_gate_exps.weight
1530,20,4030464,6567690240,0x0,180,blk.66.ffn_up_exps.weight
1531,14,4816896,6572507136,0x0,5,blk.66.ffn_down_exps.weight
1532,14,4030464,6576537600,0x0,5,blk.66.ffn_gate_exps.weight
1533,14,4030464,6580568064,0x0,5,blk.66.ffn_up_exps.weight
1534,14,4816896,6585384960,0x0,162,blk.66.ffn_down_exps.weight
1535,14,4030464,6589415424,0x0,162,blk.66.ffn_gate_exps.weight
1536,14,4030464,6593445888,0x0,162,blk.66.ffn_up_exps.weight
1537,42,4816896,6598262784,0x0,1,blk.67.ffn_down_exps.weight
1538,42,4030464,6602293248,0x0,1,blk.67.ffn_gate_exps.weight
1539,42,4030464,6606323712,0x0,1,blk.67.ffn_up_exps.weight
1540,37,4816896,6611140608,0x0,144,blk.67.ffn_down_exps.weight
1541,37,4030464,6615171072,0x0,144,blk.67.ffn_gate_exps.weight
1542,37,4030464,6619201536,0x0,144,blk.67.ffn_up_exps.weight
1543,35,4816896,6624018432,0x0,191,blk.67.ffn_down_exps.weight
1544,35,4030464,6628048896,0x0,191,blk.67.ffn_gate_exps.weight
1545,35,4030464,6632079360,0x0,191,blk.67.ffn_up_exps.weight
1546,30,4816896,6636896256,0x0,229,blk.67.ffn_down_exps.weight
1547,30,4030464,6640926720,0x0,229,blk.67.ffn_gate_exps.weight
1548,30,4030464,6644957184,0x0,229,blk.67.ffn_up_exps.weight
1549,22,4816896,6649774080,0x0,202,blk.67.ffn_down_exps.weight
1550,22,4030464,6653804544,0x0,202,blk.67.ffn_gate_exps.weight
1551,22,4030464,6657835008,0x0,202,blk.67.ffn_up_exps.weight
1552,19,4816896,6662651904,0x0,39,blk.67.ffn_down_exps.weight
1553,19,4030464,6666682368,0x0,39,blk.67.ffn_gate_exps.weight
1554,19,4030464,6670712832,0x0,39,blk.67.ffn_up_exps.weight
1555,19,4816896,6675529728,0x0,208,blk.67.ffn_down_exps.weight
1556,19,4030464,6679560192,0x0,208,blk.67.ffn_gate_exps.weight
1557,19,4030464,6683590656,0x0,208,blk.67.ffn_up_exps.weight
1558,17,4816896,6688407552,0x0,15,blk.67.ffn_down_exps.weight
1559,17,4030464,6692438016,0x0,15,blk.67.ffn_gate_exps.weight
1560,17,4030464,6696468480,0x0,15,blk.67.ffn_up_exps.weight
1561,29,4816896,6701285376,0x0,155,blk.68.ffn_down_exps.weight
1562,29,4030464,6705315840,0x0,155,blk.68.ffn_gate_exps.weight
1563,29,4030464,6709346304,0x0,155,blk.68.ffn_up_exps.weight
1564,23,4816896,6714163200,0x0,59,blk.68.ffn_down_exps.weight
1565,23,4030464,6718193664,0x0,59,blk.68.ffn_gate_exps.weight
1566,23,4030464,6722224128,0x0,59,blk.68.ffn_up_exps.weight
1567,23,4816896,6727041024,0x0,169,blk.68.ffn_down_exps.weight
1568,23,4030464,6731071488,0x0,169,blk.68.ffn_gate_exps.weight
1569,23,4030464,6735101952,0x0,169,blk.68.ffn_up_exps.weight
1570,22,4816896,6739918848,0x0,159,blk.68.ffn_down_exps.weight
1571,22,4030464,6743949312,0x0,159,blk.68.ffn_gate_exps.weight
1572,22,4030464,6747979776,0x0,159,blk.68.ffn_up_exps.weight
1573,21,4816896,6752796672,0x0,165,blk.68.ffn_down_exps.weight
1574,21,4030464,6756827136,0x0,165,blk.68.ffn_gate_exps.weight
1575,21,4030464,6760857600,0x0,165,blk.68.ffn_up_exps.weight
1576,17,4816896,6765674496,0x0,199,blk.68.ffn_down_exps.weight
1577,17,4030464,6769704960,0x0,199,blk.68.ffn_gate_exps.weight
1578,17,4030464,6773735424,0x0,199,blk.68.ffn_up_exps.weight
1579,15,4816896,6778552320,0x0,243,blk.68.ffn_down_exps.weight
1580,15,4030464,6782582784,0x0,243,blk.68.ffn_gate_exps.weight
1581,15,4030464,6786613248,0x0,243,blk.68.ffn_up_exps.weight
1582,14,4816896,6791430144,0x0,172,blk.68.ffn_down_exps.weight
1583,14,4030464,6795460608,0x0,172,blk.68.ffn_gate_exps.weight
1584,14,4030464,6799491072,0x0,172,blk.68.ffn_up_exps.weight
1585,39,4816896,6804307968,0x0,139,blk.69.ffn_down_exps.weight
1586,39,4030464,6808338432,0x0,139,blk.69.ffn_gate_exps.weight
1587,39,4030464,6812368896,0x0,139,blk.69.ffn_up_exps.weight
1588,35,4816896,6817185792,0x0,151,blk.69.ffn_down_exps.weight
1589,35,4030464,6821216256,0x0,151,blk.69.ffn_gate_exps.weight
1590,35,4030464,6825246720,0x0,151,blk.69.ffn_up_exps.weight
1591,28,4816896,6830063616,0x0,127,blk.69.ffn_down_exps.weight
1592,28,4030464,6834094080,0x0,127,blk.69.ffn_gate_exps.weight
1593,28,4030464,6838124544,0x0,127,blk.69.ffn_up_exps.weight
1594,20,4816896,6842941440,0x0,122,blk.69.ffn_down_exps.weight
1595,20,4030464,6846971904,0x0,122,blk.69.ffn_gate_exps.weight
1596,20,4030464,6851002368,0x0,122,blk.69.ffn_up_exps.weight
1597,18,4816896,6855819264,0x0,187,blk.69.ffn_down_exps.weight
1598,18,4030464,6859849728,0x0,187,blk.69.ffn_gate_exps.weight
1599,18,4030464,6863880192,0x0,187,blk.69.ffn_up_exps.weight
1600,14,4816896,6868697088,0x0,46,blk.69.ffn_down_exps.weight
1601,14,4030464,6872727552,0x0,46,blk.69.ffn_gate_exps.weight
1602,14,4030464,6876758016,0x0,46,blk.69.ffn_up_exps.weight
1603,13,4816896,6881574912,0x0,129,blk.69.ffn_down_exps.weight
1604,13,4030464,6885605376,0x0,129,blk.69.ffn_gate_exps.weight
1605,13,4030464,6889635840,0x0,129,blk.69.ffn_up_exps.weight
1606,12,4816896,6894452736,0x0,103,blk.69.ffn_down_exps.weight
1607,12,4030464,6898483200,0x0,103,blk.69.ffn_gate_exps.weight
1608,12,4030464,6902513664,0x0,103,blk.69.ffn_up_exps.weight
1609,48,4816896,6907330560,0x0,215,blk.70.ffn_down_exps.weight
1610,48,4030464,6911361024,0x0,215,blk.70.ffn_gate_exps.weight
1611,48,4030464,6915391488,0x0,215,blk.70.ffn_up_exps.weight
1612,29,4816896,6920208384,0x0,69,blk.70.ffn_down_exps.weight
1613,29,4030464,6924238848,0x0,69,blk.70.ffn_gate_exps.weight
1614,29,4030464,6928269312,0x0,69,blk.70.ffn_up_exps.weight
1615,26,4816896,6933086208,0x0,20,blk.70.ffn_down_exps.weight
1616,26,4030464,6937116672,0x0,20,blk.70.ffn_gate_exps.weight
1617,26,4030464,6941147136,0x0,20,blk.70.ffn_up_exps.weight
1618,19,4816896,6945964032,0x0,231,blk.70.ffn_down_exps.weight
1619,19,4030464,6949994496,0x0,231,blk.70.ffn_gate_exps.weight
1620,19,4030464,6954024960,0x0,231,blk.70.ffn_up_exps.weight
1621,18,4816896,6958841856,0x0,63,blk.70.ffn_down_exps.weight
1622,18,4030464,6962872320,0x0,63,blk.70.ffn_gate_exps.weight
1623,18,4030464,6966902784,0x0,63,blk.70.ffn_up_exps.weight
1624,16,4816896,6971719680,0x0,214,blk.70.ffn_down_exps.weight
1625,16,4030464,6975750144,0x0,214,blk.70.ffn_gate_exps.weight
1626,16,4030464,6979780608,0x0,214,blk.70.ffn_up_exps.weight
1627,14,4816896,6984597504,0x0,111,blk.70.ffn_down_exps.weight
1628,14,4030464,6988627968,0x0,111,blk.70.ffn_gate_exps.weight
1629,14,4030464,6992658432,0x0,111,blk.70.ffn_up_exps.weight
1630,12,4816896,6997475328,0x0,92,blk.70.ffn_down_exps.weight
1631,12,4030464,7001505792,0x0,92,blk.70.ffn_gate_exps.weight
1632,12,4030464,7005536256,0x0,92,blk.70.ffn_up_exps.weight
1633,33,4816896,7010353152,0x0,28,blk.71.ffn_down_exps.weight
1634,33,4030464,7014383616,0x0,28,blk.71.ffn_gate_exps.weight
1635,33,4030464,7018414080,0x0,28,blk.71.ffn_up_exps.weight
1636,31,4816896,7023230976,0x0,145,blk.71.ffn_down_exps.weight
1637,31,4030464,7027261440,0x0,145,blk.71.ffn_gate_exps.weight
1638,31,4030464,7031291904,0x0,145,blk.71.ffn_up_exps.weight
1639,26,4816896,7036108800,0x0,114,blk.71.ffn_down_exps.weight
1640,26,4030464,7040139264,0x0,114,blk.71.ffn_gate_exps.weight
1641,26,4030464,7044169728,0x0,114,blk.71.ffn_up_exps.weight
1642,22,4816896,7048986624,0x0,63,blk.71.ffn_down_exps.weight
1643,22,4030464,7053017088,0x0,63,blk.71.ffn_gate_exps.weight
1644,22,4030464,7057047552,0x0,63,blk.71.ffn_up_exps.weight
1645,21,4816896,7061864448,0x0,180,blk.71.ffn_down_exps.weight
1646,21,4030464,7065894912,0x0,180,blk.71.ffn_gate_exps.weight
1647,21,4030464,7069925376,0x0,180,blk.71.ffn_up_exps.weight
1648,18,4816896,7074742272,0x0,16,blk.71.ffn_down_exps.weight
1649,18,4030464,7078772736,0x0,16,blk.71.ffn_gate_exps.weight
1650,18,4030464,7082803200,0x0,16,blk.71.ffn_up_exps.weight
1651,18,4816896,7087620096,0x0,20,blk.71.ffn_down_exps.weight
1652,18,4030464,7091650560,0x0,20,blk.71.ffn_gate_exps.weight
1653,18,4030464,7095681024,0x0,20,blk.71.ffn_up_exps.weight
1654,18,4816896,7100497920,0x0,89,blk.71.ffn_down_exps.weight
1655,18,4030464,7104528384,0x0,89,blk.71.ffn_gate_exps.weight
1656,18,4030464,7108558848,0x0,89,blk.71.ffn_up_exps.weight
1657,50,4816896,7113375744,0x0,53,blk.72.ffn_down_exps.weight
1658,50,4030464,7117406208,0x0,53,blk.72.ffn_gate_exps.weight
1659,50,4030464,7121436672,0x0,53,blk.72.ffn_up_exps.weight
1660,36,4816896,7126253568,0x0,36,blk.72.ffn_down_exps.weight
1661,36,4030464,7130284032,0x0,36,blk.72.ffn_gate_exps.weight
1662,36,4030464,7134314496,0x0,36,blk.72.ffn_up_exps.weight
1663,20,4816896,7139131392,0x0,79,blk.72.ffn_down_exps.weight
1664,20,4030464,7143161856,0x0,79,blk.72.ffn_gate_exps.weight
1665,20,4030464,7147192320,0x0,79,blk.72.ffn_up_exps.weight
1666,19,4816896,7152009216,0x0,193,blk.72.ffn_down_exps.weight
1667,19,4030464,7156039680,0x0,193,blk.72.ffn_gate_exps.weight
1668,19,4030464,7160070144,0x0,193,blk.72.ffn_up_exps.weight
1669,18,4816896,7164887040,0x0,63,blk.72.ffn_down_exps.weight
1670,18,4030464,7168917504,0x0,63,blk.72.ffn_gate_exps.weight
1671,18,4030464,7172947968,0x0,63,blk.72.ffn_up_exps.weight
1672,17,4816896,7177764864,0x0,46,blk.72.ffn_down_exps.weight
1673,17,4030464,7181795328,0x0,46,blk.72.ffn_gate_exps.weight
1674,17,4030464,7185825792,0x0,46,blk.72.ffn_up_exps.weight
1675,15,4816896,7190642688,0x0,152,blk.72.ffn_down_exps.weight
1676,15,4030464,7194673152,0x0,152,blk.72.ffn_gate_exps.weight
1677,15,4030464,7198703616,0x0,152,blk.72.ffn_up_exps.weight
1678,13,4816896,7203520512,0x0,132,blk.72.ffn_down_exps.weight
1679,13,4030464,7207550976,0x0,132,blk.72.ffn_gate_exps.weight
1680,13,4030464,7211581440,0x0,132,blk.72.ffn_up_exps.weight
1681,28,4816896,7216398336,0x0,109,blk.73.ffn_down_exps.weight
1682,28,4030464,7220428800,0x0,109,blk.73.ffn_gate_exps.weight
1683,28,4030464,7224459264,0x0,109,blk.73.ffn_up_exps.weight
1684,23,4816896,7229276160,0x0,185,blk.73.ffn_down_exps.weight
1685,23,4030464,7233306624,0x0,185,blk.73.ffn_gate_exps.weight
1686,23,4030464,7237337088,0x0,185,blk.73.ffn_up_exps.weight
1687,22,4816896,7242153984,0x0,195,blk.73.ffn_down_exps.weight
1688,22,4030464,7246184448,0x0,195,blk.73.ffn_gate_exps.weight
1689,22,4030464,7250214912,0x0,195,blk.73.ffn_up_exps.weight
1690,20,4816896,7255031808,0x0,6,blk.73.ffn_down_exps.weight
1691,20,4030464,7259062272,0x0,6,blk.73.ffn_gate_exps.weight
1692,20,4030464,7263092736,0x0,6,blk.73.ffn_up_exps.weight
1693,20,4816896,7267909632,0x0,248,blk.73.ffn_down_exps.weight
1694,20,4030464,7271940096,0x0,248,blk.73.ffn_gate_exps.weight
1695,20,4030464,7275970560,0x0,248,blk.73.ffn_up_exps.weight
1696,17,4816896,7280787456,0x0,179,blk.73.ffn_down_exps.weight
1697,17,4030464,7284817920,0x0,179,blk.73.ffn_gate_exps.weight
1698,17,4030464,7288848384,0x0,179,blk.73.ffn_up_exps.weight
1699,17,4816896,7293665280,0x0,221,blk.73.ffn_down_exps.weight
1700,17,4030464,7297695744,0x0,221,blk.73.ffn_gate_exps.weight
1701,17,4030464,7301726208,0x0,221,blk.73.ffn_up_exps.weight
1702,15,4816896,7306543104,0x0,178,blk.73.ffn_down_exps.weight
1703,15,4030464,7310573568,0x0,178,blk.73.ffn_gate_exps.weight
1704,15,4030464,7314604032,0x0,178,blk.73.ffn_up_exps.weight
1705,48,4816896,7319420928,0x0,65,blk.74.ffn_down_exps.weight
1706,48,4030464,7323451392,0x0,65,blk.74.ffn_gate_exps.weight
1707,48,4030464,7327481856,0x0,65,blk.74.ffn_up_exps.weight
1708,23,4816896,7332298752,0x0,86,blk.74.ffn_down_exps.weight
1709,23,4030464,7336329216,0x0,86,blk.74.ffn_gate_exps.weight
1710,23,4030464,7340359680,0x0,86,blk.74.ffn_up_exps.weight
1711,18,4816896,7345176576,0x0,193,blk.74.ffn_down_exps.weight
1712,18,4030464,7349207040,0x0,193,blk.74.ffn_gate_exps.weight
1713,18,4030464,7353237504,0x0,193,blk.74.ffn_up_exps.weight
1714,16,4816896,7358054400,0x0,182,blk.74.ffn_down_exps.weight
1715,16,4030464,7362084864,0x0,182,blk.74.ffn_gate_exps.weight
1716,16,4030464,7366115328,0x0,182,blk.74.ffn_up_exps.weight
1717,13,4816896,7370932224,0x0,246,blk.74.ffn_down_exps.weight
1718,13,4030464,7374962688,0x0,246,blk.74.ffn_gate_exps.weight
1719,13,4030464,7378993152,0x0,246,blk.74.ffn_up_exps.weight
1720,10,4816896,7383810048,0x0,21,blk.74.ffn_down_exps.weight
1721,10,4030464,7387840512,0x0,21,blk.74.ffn_gate_exps.weight
1722,10,4030464,7391870976,0x0,21,blk.74.ffn_up_exps.weight
1723,10,4816896,7396687872,0x0,101,blk.74.ffn_down_exps.weight
1724,10,4030464,7400718336,0x0,101,blk.74.ffn_gate_exps.weight
1725,10,4030464,7404748800,0x0,101,blk.74.ffn_up_exps.weight
1726,9,4816896,7409565696,0x0,24,blk.74.ffn_down_exps.weight
1727,9,4030464,7413596160,0x0,24,blk.74.ffn_gate_exps.weight
1728,9,4030464,7417626624,0x0,24,blk.74.ffn_up_exps.weight
1729,29,4816896,7422443520,0x0,106,blk.75.ffn_down_exps.weight
1730,29,4030464,7426473984,0x0,106,blk.75.ffn_gate_exps.weight
1731,29,4030464,7430504448,0x0,106,blk.75.ffn_up_exps.weight
1732,24,4816896,7435321344,0x0,63,blk.75.ffn_down_exps.weight
1733,24,4030464,7439351808,0x0,63,blk.75.ffn_gate_exps.weight
1734,24,4030464,7443382272,0x0,63,blk.75.ffn_up_exps.weight
1735,20,4816896,7448199168,0x0,99,blk.75.ffn_down_exps.weight
1736,20,4030464,7452229632,0x0,99,blk.75.ffn_gate_exps.weight
1737,20,4030464,7456260096,0x0,99,blk.75.ffn_up_exps.weight
1738,18,4816896,7461076992,0x0,88,blk.75.ffn_down_exps.weight
1739,18,4030464,7465107456,0x0,88,blk.75.ffn_gate_exps.weight
1740,18,4030464,7469137920,0x0,88,blk.75.ffn_up_exps.weight
1741,17,4816896,7473954816,0x0,245,blk.75.ffn_down_exps.weight
1742,17,4030464,7477985280,0x0,245,blk.75.ffn_gate_exps.weight
1743,17,4030464,7482015744,0x0,245,blk.75.ffn_up_exps.weight
1744,16,4816896,7486832640,0x0,13,blk.75.ffn_down_exps.weight
1745,16,4030464,7490863104,0x0,13,blk.75.ffn_gate_exps.weight
1746,16,4030464,7494893568,0x0,13,blk.75.ffn_up_exps.weight
1747,16,4816896,7499710464,0x0,149,blk.75.ffn_down_exps.weight
1748,16,4030464,7503740928,0x0,149,blk.75.ffn_gate_exps.weight
1749,16,4030464,7507771392,0x0,149,blk.75.ffn_up_exps.weight
1750,16,4816896,7512588288,0x0,242,blk.75.ffn_down_exps.weight
1751,16,4030464,7516618752,0x0,242,blk.75.ffn_gate_exps.weight
1752,16,4030464,7520649216,0x0,242,blk.75.ffn_up_exps.weight
1753,33,4816896,7525466112,0x0,34,blk.76.ffn_down_exps.weight
1754,33,4030464,7529496576,0x0,34,blk.76.ffn_gate_exps.weight
1755,33,4030464,7533527040,0x0,34,blk.76.ffn_up_exps.weight
1756,29,4816896,7538343936,0x0,147,blk.76.ffn_down_exps.weight
1757,29,4030464,7542374400,0x0,147,blk.76.ffn_gate_exps.weight
1758,29,4030464,7546404864,0x0,147,blk.76.ffn_up_exps.weight
1759,25,4816896,7551221760,0x0,136,blk.76.ffn_down_exps.weight
1760,25,4030464,7555252224,0x0,136,blk.76.ffn_gate_exps.weight
1761,25,4030464,7559282688,0x0,136,blk.76.ffn_up_exps.weight
1762,25,4816896,7564099584,0x0,154,blk.76.ffn_down_exps.weight
1763,25,4030464,7568130048,0x0,154,blk.76.ffn_gate_exps.weight
1764,25,4030464,7572160512,0x0,154,blk.76.ffn_up_exps.weight
1765,19,4816896,7576977408,0x0,185,blk.76.ffn_down_exps.weight
1766,19,4030464,7581007872,0x0,185,blk.76.ffn_gate_exps.weight
1767,19,4030464,7585038336,0x0,185,blk.76.ffn_up_exps.weight
1768,18,4816896,7589855232,0x0,176,blk.76.ffn_down_exps.weight
1769,18,4030464,7593885696,0x0,176,blk.76.ffn_gate_exps.weight
1770,18,4030464,7597916160,0x0,176,blk.76.ffn_up_exps.weight
1771,17,4816896,7602733056,0x0,98,blk.76.ffn_down_exps.weight
1772,17,4030464,7606763520,0x0,98,blk.76.ffn_gate_exps.weight
1773,17,4030464,7610793984,0x0,98,blk.76.ffn_up_exps.weight
1774,15,4816896,7615610880,0x0,54,blk.76.ffn_down_exps.weight
1775,15,4030464,7619641344,0x0,54,blk.76.ffn_gate_exps.weight
1776,15,4030464,7623671808,0x0,54,blk.76.ffn_up_exps.weight
1777,38,4816896,7628488704,0x0,217,blk.77.ffn_down_exps.weight
1778,38,4030464,7632519168,0x0,217,blk.77.ffn_gate_exps.weight
1779,38,4030464,7636549632,0x0,217,blk.77.ffn_up_exps.weight
1780,38,4816896,7641366528,0x0,252,blk.77.ffn_down_exps.weight
1781,38,4030464,7645396992,0x0,252,blk.77.ffn_gate_exps.weight
1782,38,4030464,7649427456,0x0,252,blk.77.ffn_up_exps.weight
1783,30,4816896,7654244352,0x0,131,blk.77.ffn_down_exps.weight
1784,30,4030464,7658274816,0x0,131,blk.77.ffn_gate_exps.weight
1785,30,4030464,7662305280,0x0,131,blk.77.ffn_up_exps.weight
1786,25,4816896,7667122176,0x0,102,blk.77.ffn_down_exps.weight
1787,25,4030464,7671152640,0x0,102,blk.77.ffn_gate_exps.weight
1788,25,4030464,7675183104,0x0,102,blk.77.ffn_up_exps.weight
1789,21,4816896,7680000000,0x0,124,blk.77.ffn_down_exps.weight
1790,21,4030464,7684030464,0x0,124,blk.77.ffn_gate_exps.weight
1791,21,4030464,7688060928,0x0,124,blk.77.ffn_up_exps.weight
1792,20,4816896,7692877824,0x0,121,blk.77.ffn_down_exps.weight
1793,20,4030464,7696908288,0x0,121,blk.77.ffn_gate_exps.weight
1794,20,4030464,7700938752,0x0,121,blk.77.ffn_up_exps.weight
1795,20,4816896,7705755648,0x0,147,blk.77.ffn_down_exps.weight
1796,20,4030464,7709786112,0x0,147,blk.77.ffn_gate_exps.weight
1797,20,4030464,7713816576,0x0,147,blk.77.ffn_up_exps.weight
1798,17,4816896,7718633472,0x0,241,blk.77.ffn_down_exps.weight
1799,17,4030464,7722663936,0x0,241,blk.77.ffn_gate_exps.weight
1800,17,4030464,7726694400,0x0,241,blk.77.ffn_up_exps.weight
